"BFY","FTYP","FUNDTYPE","DEPARTMENT","RSRC","REVSOURCE","BUDCURR","REVBFY"
"2025","DSGO","General Obligation Debt Service","Office of Budget and Management Services","6001","Prop.Taxs-Real Est-Current","410 201 835","407 900 570,35"
"2025","DSGO","General Obligation Debt Service","Office of Budget and Management Services","6002","Prop.Taxs-Rl Est-Pr Rolls","-2 364 435","-2 570 841,42"
"2025","DSGO","General Obligation Debt Service","Office of Budget and Management Services","6007","Prop.Taxs-Penalty & Interest","2 708 151","3 157 778,81"
"2025","DSGO","General Obligation Debt Service","Office of Budget and Management Services","8013","Part Pay Installment Fee City","0","0"
"2025","DSGO","General Obligation Debt Service","Office of Budget and Management Services","8100","Interest On Pooled Invest-Cash","0","6 473 852,25"
"2025","DSGO","General Obligation Debt Service","Office of Budget and Management Services","8103","Interest-Miscelleaneous","0","137 235,9"
"2025","DSGO","General Obligation Debt Service","Office of Budget and Management Services","8104","Accrued Interest On Poold Inv","0","178 616,99"
"2025","DSGO","General Obligation Debt Service","Office of Budget and Management Services","8116","Amortized Discount/Premium Int","0","1 707 499,15"
"2025","DSGO","General Obligation Debt Service","Office of Budget and Management Services","8125","Interest On Pooled Invest-Coup","500 000","0"
"2025","DSGO","General Obligation Debt Service","Office of Budget and Management Services","8428","Misc-Misc Revenue","0","3 996,02"
"2025","DSGO","General Obligation Debt Service","Office of Budget and Management Services","8519","Insurance Recovery","8 000 000","0"
"2025","DSGO","General Obligation Debt Service","Office of Budget and Management Services","8525","Liability Reserve","760 014","0"
"2025","DSGO","General Obligation Debt Service","Office of Budget and Management Services","8585","Revenue-GO 2010B BABS Subsidy","0","757 039,68"
"2025","DSGO","General Obligation Debt Service","Office of Budget and Management Services","9201","Intfd Rev-Tran Fr Othr Fds-Rev","26 779 765","27 306 542,04"
"2025","DSGO","General Obligation Debt Service","Office of Budget and Management Services","9204","Interfund Transfer-Pension Obligation Bond","18 942 958","19 046 442,31"
"2025","DSGO","General Obligation Debt Service","Office of Budget and Management Services","R114","Gain/Loss Sale Of Investment","0","-40 776,19"
"2025","EFOP","Enterprise Operating Fund","Aviation","7219","Chgs Serv-Bldg Use Fee","0","0"
"2025","EFOP","Enterprise Operating Fund","Aviation","7277","Chg Serv-Interest On Del Accts","0","96,07"
"2025","EFOP","Enterprise Operating Fund","Aviation","7437","Facility Maintenance Charge-Tenants","0","43 800"
"2025","EFOP","Enterprise Operating Fund","Aviation","7550","Service Charge Nsf Checks","0","30"
"2025","EFOP","Enterprise Operating Fund","Aviation","7701","CBP International Arrival Fee","1 400 000","1 311 520,48"
"2025","EFOP","Enterprise Operating Fund","Aviation","7702","TNC Revenues","4 638 284","4 346 755,81"
"2025","EFOP","Enterprise Operating Fund","Aviation","7703","Badging Fees","540 000","726 853,66"
"2025","EFOP","Enterprise Operating Fund","Aviation","7704","Conference Room  Rental Fee","9 500","8 147"
"2025","EFOP","Enterprise Operating Fund","Aviation","7705","Non-Signatory Airlines Landing Fee","876 565","1 431 387,93"
"2025","EFOP","Enterprise Operating Fund","Aviation","7706","GA Landing Fee","7 500 000","7 495 437,39"
"2025","EFOP","Enterprise Operating Fund","Aviation","7707","DAL Ground/Field Rental","10 737 364","14 333 738,86"
"2025","EFOP","Enterprise Operating Fund","Aviation","7708","DAL Terminal Rental","62 925 204","60 330 341,63"
"2025","EFOP","Enterprise Operating Fund","Aviation","7709","DEA Ground/Field Rental","1 046 098","1 259 051,19"
"2025","EFOP","Enterprise Operating Fund","Aviation","7710","Concession Revenue: Food/Beverage","14 823 872","13 604 602,51"
"2025","EFOP","Enterprise Operating Fund","Aviation","7711","Concession Revenue: Retail","6 259 919","5 296 374,75"
"2025","EFOP","Enterprise Operating Fund","Aviation","7712","Concession Revenue: Advertising & Misc","2 444 254","2 844 665,4"
"2025","EFOP","Enterprise Operating Fund","Aviation","7713","Concession Revenue: NTTA (Unpaid Trip Fees)","0","24 116"
"2025","EFOP","Enterprise Operating Fund","Aviation","7714","Concession Revenue: DEA Concession Revenue","12 000","10 775,28"
"2025","EFOP","Enterprise Operating Fund","Aviation","7715","Concession Revenue: Garage Parking","19 799 471","22 534 173,52"
"2025","EFOP","Enterprise Operating Fund","Aviation","7716","Concession Revenue: Valet","3 775 957","4 412 370,39"
"2025","EFOP","Enterprise Operating Fund","Aviation","7717","Concession Revenues: NTTA","19 783 998","22 504 843,19"
"2025","EFOP","Enterprise Operating Fund","Aviation","7718","Concession Revenue: Love Connection & Others","852 125","1 225 862,48"
"2025","EFOP","Enterprise Operating Fund","Aviation","7808","Chgs Serv-Rental-Off Airport","1 148 037","716 169,76"
"2025","EFOP","Enterprise Operating Fund","Aviation","7809","Chgs Serv-Aviation Landing Fee","30 680 212","35 231 966,04"
"2025","EFOP","Enterprise Operating Fund","Aviation","7811","Chgs Serv-Aviation Concessions","14 579 145","11 944 581,63"
"2025","EFOP","Enterprise Operating Fund","Aviation","7812","Chgs Serv-Aviatin Fuel Flow Fe","195 000","162 375,86"
"2025","EFOP","Enterprise Operating Fund","Aviation","7813","Chgs Serv-Service Charges","228 058","671 843,05"
"2025","EFOP","Enterprise Operating Fund","Aviation","7814","Rental On Airport Non Taxable","2 788 676","3 775 457,91"
"2025","EFOP","Enterprise Operating Fund","Aviation","781F","Tenant Parking-Taxable","0","1 253,82"
"2025","EFOP","Enterprise Operating Fund","Aviation","7821","Cable Television Installation","195 000","194 318,26"
"2025","EFOP","Enterprise Operating Fund","Aviation","7856","Chgs Serv-Late Paymt Penal-Wt","10 000","-177,5"
"2025","EFOP","Enterprise Operating Fund","Aviation","8100","Interest On Pooled Invest-Cash","400 000","5 876 288,64"
"2025","EFOP","Enterprise Operating Fund","Aviation","8104","Accrued Interest On Poold Inv","80 000","-34 740,85"
"2025","EFOP","Enterprise Operating Fund","Aviation","8116","Amortized Discount/Premium Int","40 000","1 529 230,91"
"2025","EFOP","Enterprise Operating Fund","Aviation","8415","Misc-Sale of Fixed Assets","0","-30 250"
"2025","EFOP","Enterprise Operating Fund","Aviation","8428","Misc-Misc Revenue","330 000","656 763,38"
"2025","EFOP","Enterprise Operating Fund","Aviation","8437","Misc-Gain On Sle Of Fxd Asset","0","30 250"
"2025","EFOP","Enterprise Operating Fund","Aviation","8488","Miscellaneous Refunds","0","133 689,19"
"2025","EFOP","Enterprise Operating Fund","Aviation","8495","City Contribution To Life","0","0"
"2025","EFOP","Enterprise Operating Fund","Aviation","8496","City Contribution To Health Fund","0","0"
"2025","EFOP","Enterprise Operating Fund","Aviation","8499","Emp Contribution To Health","0","0"
"2025","EFOP","Enterprise Operating Fund","Aviation","8706","Employee Contribution To Emsp","0","0"
"2025","EFOP","Enterprise Operating Fund","Aviation","R114","Gain/Loss Sale Of Investment","0","-33 569,06"
"2025","EFOP","Enterprise Operating Fund","Code Compliance","6342","Lics/Pmts-Certificate of Occupancy Inspection CCS","0","0"
"2025","EFOP","Enterprise Operating Fund","Convention And Event Services","6343","Lics/Pmts-Neighborhood Farmers Market","600","2 725"
"2025","EFOP","Enterprise Operating Fund","Convention And Event Services","7292","Chgs Serv-Cancellation Fees","0","141 110"
"2025","EFOP","Enterprise Operating Fund","Convention And Event Services","7436","Amtract Rental","21 616","67 100"
"2025","EFOP","Enterprise Operating Fund","Convention And Event Services","7443","Chgs Serv-Vending Non Taxable","0","194 734"
"2025","EFOP","Enterprise Operating Fund","Convention And Event Services","7456","Misc for Services","525 005","1 551 509,06"
"2025","EFOP","Enterprise Operating Fund","Convention And Event Services","7550","Service Charge Nsf Checks","0","570"
"2025","EFOP","Enterprise Operating Fund","Convention And Event Services","7815","Chgs Serv-Telephone Rental","1 243 800","1 278 343,71"
"2025","EFOP","Enterprise Operating Fund","Convention And Event Services","7816","Facil & Equip Rental Non Taxab","9 392 157","7 483 289,18"
"2025","EFOP","Enterprise Operating Fund","Convention And Event Services","781A","Chgs Serv-Special Event Permit","85 000","126 970,11"
"2025","EFOP","Enterprise Operating Fund","Convention And Event Services","781B","Chgs Serv-Commerc Filming Fee","12 000","33 240"
"2025","EFOP","Enterprise Operating Fund","Convention And Event Services","781D","Chgs Serv-Pole Banner Rental","45 000","67 860"
"2025","EFOP","Enterprise Operating Fund","Convention And Event Services","781V","Chgs Serv-Venue & Promotors Ordinance","2 500","4 725"
"2025","EFOP","Enterprise Operating Fund","Convention And Event Services","7822","Chgs Serv-Contract Service","20 016 797","16 245 624,3"
"2025","EFOP","Enterprise Operating Fund","Convention And Event Services","7832","Electrical Services Tax Exempt","735 636","2 213 503,91"
"2025","EFOP","Enterprise Operating Fund","Convention And Event Services","7838","Convention Ctr Parking Non-Tax","1 263 534","1 933 737,09"
"2025","EFOP","Enterprise Operating Fund","Convention And Event Services","7839","Sound/Lighting Tax Exempt","312 038","86 911,02"
"2025","EFOP","Enterprise Operating Fund","Convention And Event Services","7842","Chgs Serv-Parking-Plaza Garage","0","21 804,17"
"2025","EFOP","Enterprise Operating Fund","Convention And Event Services","7843","Chgs Serv-Parking Conv Ctr Gar","5 500","199,93"
"2025","EFOP","Enterprise Operating Fund","Convention And Event Services","7868","Chgs Serv-Ww-Whsl Rev Surcharg","0","0"
"2025","EFOP","Enterprise Operating Fund","Convention And Event Services","7894","Rebates revenues","75 000","0"
"2025","EFOP","Enterprise Operating Fund","Convention And Event Services","8100","Interest On Pooled Invest-Cash","0","3 452 595,85"
"2025","EFOP","Enterprise Operating Fund","Convention And Event Services","8104","Accrued Interest On Poold Inv","0","-238 159,71"
"2025","EFOP","Enterprise Operating Fund","Convention And Event Services","8116","Amortized Discount/Premium Int","0","953 248,72"
"2025","EFOP","Enterprise Operating Fund","Convention And Event Services","8201","Othr Sales-Alcoholic Beverages","19 209 215","17 794 111,37"
"2025","EFOP","Enterprise Operating Fund","Convention And Event Services","8410","Misc-Rental Othr Properties","0","656,46"
"2025","EFOP","Enterprise Operating Fund","Convention And Event Services","8414","Misc-Auto Auction/Non-Tax Sls","0","23 024,25"
"2025","EFOP","Enterprise Operating Fund","Convention And Event Services","8428","Misc-Misc Revenue","500","2 462,46"
"2025","EFOP","Enterprise Operating Fund","Convention And Event Services","8446","Misc-Sale Cty Surp Prp/Txbl Sl","0","75 852"
"2025","EFOP","Enterprise Operating Fund","Convention And Event Services","8471","Misc-Rental Of Bldgs And Othr","196 637","200 344,23"
"2025","EFOP","Enterprise Operating Fund","Convention And Event Services","8482","Misc-Land Lease","697 600","1 730 222,4"
"2025","EFOP","Enterprise Operating Fund","Convention And Event Services","8495","City Contribution To Life","0","0"
"2025","EFOP","Enterprise Operating Fund","Convention And Event Services","8496","City Contribution To Health Fund","0","0"
"2025","EFOP","Enterprise Operating Fund","Convention And Event Services","8706","Employee Contribution To Emsp","0","0"
"2025","EFOP","Enterprise Operating Fund","Convention And Event Services","9499","Disc For Prompt Payment","0","-805 793,05"
"2025","EFOP","Enterprise Operating Fund","Convention And Event Services","9500","Hotel Occup Tax","83 518 628","79 852 245,76"
"2025","EFOP","Enterprise Operating Fund","Convention And Event Services","9501","Hotel Occup Tax-Int","0","48 376,31"
"2025","EFOP","Enterprise Operating Fund","Convention And Event Services","9502","Hotel Occup Tax-Penalty","0","212 095,36"
"2025","EFOP","Enterprise Operating Fund","Convention And Event Services","R114","Gain/Loss Sale Of Investment","0","-20 633,67"
"2025","EFOP","Enterprise Operating Fund","Sustainable Development and Construction","7040","Certificate Of Occupancy","0","0"
"2025","EFOP","Enterprise Operating Fund","Sustainable Development and Construction","7041","Registrations","0","0"
"2025","EFOP","Enterprise Operating Fund","Sustainable Development and Construction","7048","Board Of Adjustments/Sign","0","0"
"2025","EFOP","Enterprise Operating Fund","Sustainable Development and Construction","704A","Site Plan Review","0","0"
"2025","EFOP","Enterprise Operating Fund","Sustainable Development and Construction","704B","Building Plan Review","0","0"
"2025","EFOP","Enterprise Operating Fund","Sustainable Development and Construction","704Q","Remodel Residential","0","0"
"2025","EFOP","Enterprise Operating Fund","Sustainable Development and Construction","704R","Bldg Permit Remodel","0","0"
"2025","EFOP","Enterprise Operating Fund","Sustainable Development and Construction","704S","Bldg Permit Single Family","0","0"
"2025","EFOP","Enterprise Operating Fund","Sustainable Development and Construction","7053","Bldg Insp Backflow Prevention","0","0"
"2025","EFOP","Enterprise Operating Fund","Sustainable Development and Construction","7060","PDV Technology Fee","0","0"
"2025","EFOP","Enterprise Operating Fund","Sustainable Development and Construction","7401","Zoning/Lndmk Sign Applic Fees","0","0"
"2025","EFOP","Enterprise Operating Fund","Sustainable Development and Construction","7528","Zoning Verif Letter-Non Taxabl","0","0"
"2025","EFOP","Enterprise Operating Fund","Sustainable Development and Construction","7876","Private Development Review","0","0"
"2025","EFOP","Enterprise Operating Fund","Sustainable Development and Construction","787W","Water Service Availa Nontaxabl","0","0"
"2025","EFOP","Enterprise Operating Fund","Sustainable Development and Construction","8100","Interest On Pooled Invest-Cash","0","0"
"2025","EFOP","Enterprise Operating Fund","Sustainable Development and Construction","8104","Accrued Interest On Poold Inv","0","0"
"2025","EFOP","Enterprise Operating Fund","Sustainable Development and Construction","8116","Amortized Discount/Premium Int","0","0"
"2025","EFOP","Enterprise Operating Fund","Sustainable Development and Construction","8415","Misc-Sale of Fixed Assets","0","-3 100"
"2025","EFOP","Enterprise Operating Fund","Sustainable Development and Construction","8428","Misc-Misc Revenue","0","0"
"2025","EFOP","Enterprise Operating Fund","Sustainable Development and Construction","8437","Misc-Gain On Sle Of Fxd Asset","0","3 100"
"2025","EFOP","Enterprise Operating Fund","Sustainable Development and Construction","R114","Gain/Loss Sale Of Investment","0","0"
"2025","EFOP","Enterprise Operating Fund","Dallas Fire-Rescue","8428","Misc-Misc Revenue","0","0"
"2025","EFOP","Enterprise Operating Fund","Dallas Water Utilities","7211","Chgs Serv-City Wide Over/Short","0","317 044"
"2025","EFOP","Enterprise Operating Fund","Dallas Water Utilities","7277","Chg Serv-Interest On Del Accts","0","1 152,58"
"2025","EFOP","Enterprise Operating Fund","Dallas Water Utilities","7476","Chgs Serv-Wellness Prog Rev","0","15,65"
"2025","EFOP","Enterprise Operating Fund","Dallas Water Utilities","7500","Chgs Serv-Sanit Billing Fees","540 812","540 812"
"2025","EFOP","Enterprise Operating Fund","Dallas Water Utilities","7501","Chgs Serv-Misc Operation Reven","1 604 466","2 132 736,57"
"2025","EFOP","Enterprise Operating Fund","Dallas Water Utilities","7549","Chg Serv-Stormwtr Billing Fees","931 431","931 431"
"2025","EFOP","Enterprise Operating Fund","Dallas Water Utilities","7550","Service Charge Nsf Checks","150 000","184 641,29"
"2025","EFOP","Enterprise Operating Fund","Dallas Water Utilities","7807","Chgs Serv-Print(Doc Frms)Ntxbl","20 000","0"
"2025","EFOP","Enterprise Operating Fund","Dallas Water Utilities","7810","Chgs Serv-Print(Docu Frms)Sale","7 500","0"
"2025","EFOP","Enterprise Operating Fund","Dallas Water Utilities","7834","Chgs Serv-Tr Wat-Tot Rev Retai","375 513 294","388 143 524,99"
"2025","EFOP","Enterprise Operating Fund","Dallas Water Utilities","7836","Chgs Serv-Tr Wat-Tot Rev Whsl","119 312 271","120 693 846,14"
"2025","EFOP","Enterprise Operating Fund","Dallas Water Utilities","7847","Chgs Serv-Raw Wat-Tot Rev Reta","871 723","1 591 756,4"
"2025","EFOP","Enterprise Operating Fund","Dallas Water Utilities","7849","Chgs Serv-Raw Wat-Totl Rev Whs","12 067 974","12 561 316,26"
"2025","EFOP","Enterprise Operating Fund","Dallas Water Utilities","7855","Chgs Serv-Serv Charges-Water","3 300 000","2 106 130"
"2025","EFOP","Enterprise Operating Fund","Dallas Water Utilities","7856","Chgs Serv-Late Paymt Penal-Wt","3 200 000","3 035 241,47"
"2025","EFOP","Enterprise Operating Fund","Dallas Water Utilities","7860","Chgs Serv-Cross Connect Cntl F","20 000","0"
"2025","EFOP","Enterprise Operating Fund","Dallas Water Utilities","7862","Chgs Serv-Ww-Totl Rev Retail","278 755 773","286 772 308,29"
"2025","EFOP","Enterprise Operating Fund","Dallas Water Utilities","7864","Chgs Serv-Ww-Total Rev Whsl","14 587 754","15 409 247,61"
"2025","EFOP","Enterprise Operating Fund","Dallas Water Utilities","7866","Chgs Serv-Ww-Retl Rev Surcharg","7 021 724","5 396 380"
"2025","EFOP","Enterprise Operating Fund","Dallas Water Utilities","7868","Chgs Serv-Ww-Whsl Rev Surcharg","550 000","28 340,18"
"2025","EFOP","Enterprise Operating Fund","Dallas Water Utilities","7873","Chgs Serv-Late Paymt Pen-Ww","2 700 000","2 502 967,33"
"2025","EFOP","Enterprise Operating Fund","Dallas Water Utilities","8015","Fines/For-Refnds-Fines & Forf","2 500","0"
"2025","EFOP","Enterprise Operating Fund","Dallas Water Utilities","8100","Interest On Pooled Invest-Cash","2 675 395","13 824 569,55"
"2025","EFOP","Enterprise Operating Fund","Dallas Water Utilities","8101","Interest-Int On Cert Of Dep","100 000","0"
"2025","EFOP","Enterprise Operating Fund","Dallas Water Utilities","8103","Interest-Miscelleaneous","224 822","193 916"
"2025","EFOP","Enterprise Operating Fund","Dallas Water Utilities","8104","Accrued Interest On Poold Inv","1 160 000","-733 372"
"2025","EFOP","Enterprise Operating Fund","Dallas Water Utilities","8116","Amortized Discount/Premium Int","135 245","3 519 461,16"
"2025","EFOP","Enterprise Operating Fund","Dallas Water Utilities","8410","Misc-Rental Othr Properties","0","485"
"2025","EFOP","Enterprise Operating Fund","Dallas Water Utilities","8415","Misc-Sale of Fixed Assets","0","-183 900"
"2025","EFOP","Enterprise Operating Fund","Dallas Water Utilities","8416","Misc-Proceeds Fr Sale Of Land","2 500","0"
"2025","EFOP","Enterprise Operating Fund","Dallas Water Utilities","8420","Misc-Handling Charges","0","1 225"
"2025","EFOP","Enterprise Operating Fund","Dallas Water Utilities","8428","Misc-Misc Revenue","200 000","120 882,98"
"2025","EFOP","Enterprise Operating Fund","Dallas Water Utilities","8432","Misc-Sale Cty Surp Prp/Non Tx","20 000","137 060"
"2025","EFOP","Enterprise Operating Fund","Dallas Water Utilities","8437","Misc-Gain On Sle Of Fxd Asset","0","183 900"
"2025","EFOP","Enterprise Operating Fund","Dallas Water Utilities","8438","Misc-Accr Int-Sale Of Bond","0","7 133 344,93"
"2025","EFOP","Enterprise Operating Fund","Dallas Water Utilities","8446","Misc-Sale Cty Surp Prp/Txbl Sl","0","35 919,25"
"2025","EFOP","Enterprise Operating Fund","Dallas Water Utilities","8450","Misc-Taps-Water Permits","555 000","1 250 101,94"
"2025","EFOP","Enterprise Operating Fund","Dallas Water Utilities","8451","Misc-Laterals-Sewer Permits","350 000","654 575"
"2025","EFOP","Enterprise Operating Fund","Dallas Water Utilities","8452","Misc-Water Pro Rata Refund","16 900","92 745,69"
"2025","EFOP","Enterprise Operating Fund","Dallas Water Utilities","8458","Misc-Water Special Assessments","16 580","0"
"2025","EFOP","Enterprise Operating Fund","Dallas Water Utilities","8482","Misc-Land Lease","100 000","23 354,49"
"2025","EFOP","Enterprise Operating Fund","Dallas Water Utilities","8495","City Contribution To Life","0","0"
"2025","EFOP","Enterprise Operating Fund","Dallas Water Utilities","8496","City Contribution To Health Fund","0","0"
"2025","EFOP","Enterprise Operating Fund","Dallas Water Utilities","8706","Employee Contribution To Emsp","0","0"
"2025","EFOP","Enterprise Operating Fund","Dallas Water Utilities","8803","Concession-Rev Lake Ray Hubbard","150 000","108 325,39"
"2025","EFOP","Enterprise Operating Fund","Dallas Water Utilities","R114","Gain/Loss Sale Of Investment","0","-80 004,33"
"2025","EFOP","Enterprise Operating Fund","Facilities and Real Estate Management","7277","Chg Serv-Interest On Del Accts","0","0"
"2025","EFOP","Enterprise Operating Fund","Facilities and Real Estate Management","8200","License Fees","0","0"
"2025","EFOP","Enterprise Operating Fund","Office of Arts and Culture","7289","Other Collectible Cost Recopument","451 077","0"
"2025","EFOP","Enterprise Operating Fund","Office of Arts and Culture","8100","Interest On Pooled Invest-Cash","0","3 358,19"
"2025","EFOP","Enterprise Operating Fund","Office of Arts and Culture","8104","Accrued Interest On Poold Inv","0","-321,05"
"2025","EFOP","Enterprise Operating Fund","Office of Arts and Culture","8116","Amortized Discount/Premium Int","0","829,6"
"2025","EFOP","Enterprise Operating Fund","Office of Arts and Culture","8428","Misc-Misc Revenue","0","410 576,41"
"2025","EFOP","Enterprise Operating Fund","Office of Arts and Culture","8495","City Contribution To Life","0","0"
"2025","EFOP","Enterprise Operating Fund","Office of Arts and Culture","8496","City Contribution To Health Fund","0","0"
"2025","EFOP","Enterprise Operating Fund","Office of Arts and Culture","R114","Gain/Loss Sale Of Investment","0","-22,78"
"2025","EFOP","Enterprise Operating Fund","Planning and Development","6370","Lics/Pmts-Fire Prevent Permit","181 958","240 165"
"2025","EFOP","Enterprise Operating Fund","Planning and Development","7040","Certificate Of Occupancy","1 858 528","1 659 641,42"
"2025","EFOP","Enterprise Operating Fund","Planning and Development","7041","Registrations","1 102 569","1 222 213,34"
"2025","EFOP","Enterprise Operating Fund","Planning and Development","7042","Electrical License/Exam","533","160"
"2025","EFOP","Enterprise Operating Fund","Planning and Development","7043","Special/Plat","982 096","1 313 153,08"
"2025","EFOP","Enterprise Operating Fund","Planning and Development","7044","Re-Inspection Fee","223 647","241 805"
"2025","EFOP","Enterprise Operating Fund","Planning and Development","7045","After Hours Inspection","350 636","316 050"
"2025","EFOP","Enterprise Operating Fund","Planning and Development","7046","Document Sales Non Taxable","24 353","128,45"
"2025","EFOP","Enterprise Operating Fund","Planning and Development","7047","Miscellaneous Bldg Insp","1 286 840","1 035 404,16"
"2025","EFOP","Enterprise Operating Fund","Planning and Development","7048","Board Of Adjustments/Sign","192 618","219 395"
"2025","EFOP","Enterprise Operating Fund","Planning and Development","704A","Site Plan Review","100 588","421 231,08"
"2025","EFOP","Enterprise Operating Fund","Planning and Development","704B","Building Plan Review","6 131 218","6 595 468,02"
"2025","EFOP","Enterprise Operating Fund","Planning and Development","704C","Bldg Permit Commercial","3 424 561","1 958 264,44"
"2025","EFOP","Enterprise Operating Fund","Planning and Development","704D","Demolition Permit","129 386","344 547,37"
"2025","EFOP","Enterprise Operating Fund","Planning and Development","704E","Express Plan Review-Nontaxable","2 775 532","1 922 350,37"
"2025","EFOP","Enterprise Operating Fund","Planning and Development","704F","After-hour Gas & Electric release","667","950"
"2025","EFOP","Enterprise Operating Fund","Planning and Development","704G","Bldg Inspection board Fees-Appeals","381","0"
"2025","EFOP","Enterprise Operating Fund","Planning and Development","704I","Consultation Fee-Staff Time","231 868","212 722"
"2025","EFOP","Enterprise Operating Fund","Planning and Development","704J","Expedited Plan Review Per Trade","93 325","67 710"
"2025","EFOP","Enterprise Operating Fund","Planning and Development","704K","Expedited Priority Inspection-Same Day","93 325","10 750"
"2025","EFOP","Enterprise Operating Fund","Planning and Development","704M","Bldg Permit Multi Family","2 177 728","2 053 393,58"
"2025","EFOP","Enterprise Operating Fund","Planning and Development","704O","Plan Review-Sign Installation or Construction","206 880","87 385"
"2025","EFOP","Enterprise Operating Fund","Planning and Development","704P","Pre-Development Meetings-Structure","309 457","277 439,2"
"2025","EFOP","Enterprise Operating Fund","Planning and Development","704Q","Remodel Residential","6 264 223","5 063 877,62"
"2025","EFOP","Enterprise Operating Fund","Planning and Development","704R","Bldg Permit Remodel","13 222 847","10 342 800,21"
"2025","EFOP","Enterprise Operating Fund","Planning and Development","704S","Bldg Permit Single Family","2 667 443","2 349 743,95"
"2025","EFOP","Enterprise Operating Fund","Planning and Development","704T","Tree Removal Permit Nontaxable","8 084","8 646,42"
"2025","EFOP","Enterprise Operating Fund","Planning and Development","704U","Unauthorized Cover Up Fee","34 664","21 750"
"2025","EFOP","Enterprise Operating Fund","Planning and Development","704V","Zoning Research Only Fee","9 110","6 200"
"2025","EFOP","Enterprise Operating Fund","Planning and Development","704X","Partial Team Review Fee","0","7 000"
"2025","EFOP","Enterprise Operating Fund","Planning and Development","704Y","Professional Self Certification","0","2 620,43"
"2025","EFOP","Enterprise Operating Fund","Planning and Development","7053","Bldg Insp Backflow Prevention","170 718","319 758"
"2025","EFOP","Enterprise Operating Fund","Planning and Development","7054","Billboard Licensing Insp Fee","5 488","52 646"
"2025","EFOP","Enterprise Operating Fund","Planning and Development","705B","Temp Certificate of Occupancy Extension","255 947","86 460"
"2025","EFOP","Enterprise Operating Fund","Planning and Development","705C","Parking Agreement Amendment/term","3 333","4 496"
"2025","EFOP","Enterprise Operating Fund","Planning and Development","705D","Zoning Determination Letter","16 231","68 407"
"2025","EFOP","Enterprise Operating Fund","Planning and Development","7060","PDV Technology Fee","0","844 874"
"2025","EFOP","Enterprise Operating Fund","Planning and Development","7061","PDV Inspection Fee","0","3 547 052,5"
"2025","EFOP","Enterprise Operating Fund","Planning and Development","7062","PDV BIC Record Change","0","98 140"
"2025","EFOP","Enterprise Operating Fund","Planning and Development","7063","PDV Floodplain Miscellaneous Review Fee","0","95 920"
"2025","EFOP","Enterprise Operating Fund","Planning and Development","7064","PDV Address Assignment Fee","0","44 700"
"2025","EFOP","Enterprise Operating Fund","Planning and Development","7065","PDV Sidewalk Waiver Fee","0","18 720"
"2025","EFOP","Enterprise Operating Fund","Planning and Development","7066","PDV Notary Fee","0","25"
"2025","EFOP","Enterprise Operating Fund","Planning and Development","7067","PDV Review Plats and Field Notes","0","17 900"
"2025","EFOP","Enterprise Operating Fund","Planning and Development","70MR","Multi-family Remodel","1 316 403","850 028,4"
"2025","EFOP","Enterprise Operating Fund","Planning and Development","7211","Chgs Serv-City Wide Over/Short","0","-1 481,09"
"2025","EFOP","Enterprise Operating Fund","Planning and Development","7401","Zoning/Lndmk Sign Applic Fees","708 879","505 977,71"
"2025","EFOP","Enterprise Operating Fund","Planning and Development","7468","Food Permit Application Fee","0","0"
"2025","EFOP","Enterprise Operating Fund","Planning and Development","7512","Specialprovisionsigndistrictfe","8 719","9 131"
"2025","EFOP","Enterprise Operating Fund","Planning and Development","7516","Misc Docket Items Fee","64 542","34 849,8"
"2025","EFOP","Enterprise Operating Fund","Planning and Development","7527","Mobile Unit & Kiosk/Coffee Cart Plan Review Fee","49 773","67 749"
"2025","EFOP","Enterprise Operating Fund","Planning and Development","7528","Zoning Verif Letter-Non Taxabl","230 426","270 905"
"2025","EFOP","Enterprise Operating Fund","Planning and Development","7529","Zoning Notify Sign Non Tax","9 741","7 402"
"2025","EFOP","Enterprise Operating Fund","Planning and Development","7545","On-Line Search Non Taxable","0","1 200"
"2025","EFOP","Enterprise Operating Fund","Planning and Development","7550","Service Charge Nsf Checks","1 222","1 800"
"2025","EFOP","Enterprise Operating Fund","Planning and Development","7810","Chgs Serv-Print(Docu Frms)Sale","13","0"
"2025","EFOP","Enterprise Operating Fund","Planning and Development","7820","Print And Map Sales Non Taxabl","1 342","24 279"
"2025","EFOP","Enterprise Operating Fund","Planning and Development","7876","Private Development Review","3 173 141","1 975 433,4"
"2025","EFOP","Enterprise Operating Fund","Planning and Development","787B","Fire Sprinkler Plan Review","335 291","469 876,6"
"2025","EFOP","Enterprise Operating Fund","Planning and Development","787C","Infrastructure Inspection","782 841","212 538,34"
"2025","EFOP","Enterprise Operating Fund","Planning and Development","787D","Addendum Fees","107 481","73 998,5"
"2025","EFOP","Enterprise Operating Fund","Planning and Development","787E","Escarpment Permit Nontaxable","8 683","8 127"
"2025","EFOP","Enterprise Operating Fund","Planning and Development","787S","Wastewater Svc Availa Nontaxab","63 580","12 000"
"2025","EFOP","Enterprise Operating Fund","Planning and Development","787W","Water Service Availa Nontaxabl","80 882","84 400"
"2025","EFOP","Enterprise Operating Fund","Planning and Development","787X","Wastewater Capacity Analysis","44 441","30 000"
"2025","EFOP","Enterprise Operating Fund","Planning and Development","8100","Interest On Pooled Invest-Cash","0","1 018 860,08"
"2025","EFOP","Enterprise Operating Fund","Planning and Development","8104","Accrued Interest On Poold Inv","0","-68 636,97"
"2025","EFOP","Enterprise Operating Fund","Planning and Development","8116","Amortized Discount/Premium Int","0","284 051,84"
"2025","EFOP","Enterprise Operating Fund","Planning and Development","8415","Misc-Sale of Fixed Assets","0","-8 250"
"2025","EFOP","Enterprise Operating Fund","Planning and Development","8424","Misc-Taxable Sales","0","-682"
"2025","EFOP","Enterprise Operating Fund","Planning and Development","8428","Misc-Misc Revenue","10 032 949","211 702,63"
"2025","EFOP","Enterprise Operating Fund","Planning and Development","8437","Misc-Gain On Sle Of Fxd Asset","0","8 250"
"2025","EFOP","Enterprise Operating Fund","Planning and Development","8495","City Contribution To Life","0","0"
"2025","EFOP","Enterprise Operating Fund","Planning and Development","8496","City Contribution To Health Fund","0","0"
"2025","EFOP","Enterprise Operating Fund","Planning and Development","8706","Employee Contribution To Emsp","0","0"
"2025","EFOP","Enterprise Operating Fund","Planning and Development","9303","Copy Service Sales Non Taxable","5 293","93"
"2025","EFOP","Enterprise Operating Fund","Planning and Development","R114","Gain/Loss Sale Of Investment","0","-6 138,79"
"2025","EFOP","Enterprise Operating Fund","Sanitation Services","7426","Chgs Serv-Sanitation Collect","121 643 543","0"
"2025","EFOP","Enterprise Operating Fund","Sanitation Services","742A","Chgs Serv-Container Service","1 044 845","0"
"2025","EFOP","Enterprise Operating Fund","Sanitation Services","7430","Private Disposal- Non-Taxable","31 820 649","0"
"2025","EFOP","Enterprise Operating Fund","Sanitation Services","7438","Paper And Cardboard Recycling","1 377 435","0"
"2025","EFOP","Enterprise Operating Fund","Sanitation Services","7447","Chgs Ser-McComas Disp Site Ren","3 000 000","0"
"2025","EFOP","Enterprise Operating Fund","Sanitation Services","7484","Load Pulls At City Landfill","48 000","0"
"2025","EFOP","Enterprise Operating Fund","Sanitation Services","748C","Tipper Service-Taxable","118 000","0"
"2025","EFOP","Enterprise Operating Fund","Sanitation Services","748D","Sanit Coll-Environmental Fee","1 264 282","0"
"2025","EFOP","Enterprise Operating Fund","Sanitation Services","748E","Sanit Coll-Cash Customer Premium Fee","898 326","0"
"2025","EFOP","Enterprise Operating Fund","Sanitation Services","748F","Sanit Coll-Bulk and Brush Excess Fee (Taxable)","340 240","0"
"2025","EFOP","Enterprise Operating Fund","Sanitation Services","7885","Private Disposal Fees Taxable","2 267 000","0"
"2025","EFOP","Enterprise Operating Fund","Sanitation Services","8100","Interest On Pooled Invest-Cash","300 000","0"
"2025","EFOP","Enterprise Operating Fund","Stormwater Drainage Management","6352","TWM Fill Permits","26 000","82 936"
"2025","EFOP","Enterprise Operating Fund","Stormwater Drainage Management","7550","Service Charge Nsf Checks","0","-120"
"2025","EFOP","Enterprise Operating Fund","Stormwater Drainage Management","7940","Chgs Serv-Storm Water Fees","85 826 114","85 255 700,25"
"2025","EFOP","Enterprise Operating Fund","Stormwater Drainage Management","8100","Interest On Pooled Invest-Cash","0","944 339,9"
"2025","EFOP","Enterprise Operating Fund","Stormwater Drainage Management","8104","Accrued Interest On Poold Inv","0","-94 140,12"
"2025","EFOP","Enterprise Operating Fund","Stormwater Drainage Management","8116","Amortized Discount/Premium Int","0","230 440,34"
"2025","EFOP","Enterprise Operating Fund","Stormwater Drainage Management","8410","Misc-Rental Othr Properties","0","10 961"
"2025","EFOP","Enterprise Operating Fund","Stormwater Drainage Management","8495","City Contribution To Life","0","0"
"2025","EFOP","Enterprise Operating Fund","Stormwater Drainage Management","8496","City Contribution To Health Fund","0","0"
"2025","EFOP","Enterprise Operating Fund","Stormwater Drainage Management","8706","Employee Contribution To Emsp","0","0"
"2025","EFOP","Enterprise Operating Fund","Stormwater Drainage Management","R114","Gain/Loss Sale Of Investment","0","-5 828,17"
"2025","GNFD","General Fund","City Attorney's Office","7289","Other Collectible Cost Recopument","5 300","26 275,1"
"2025","GNFD","General Fund","City Attorney's Office","7400","Chgs Serv-City Attor-D/Fw Airp","466 739","329 886,23"
"2025","GNFD","General Fund","City Attorney's Office","8038","Civil Penalties","380 000","589 139,01"
"2025","GNFD","General Fund","City Attorney's Office","8411","Misc-Gifts & Donations","0","8 295"
"2025","GNFD","General Fund","City Attorney's Office","8428","Misc-Misc Revenue","1 500","5 649,95"
"2025","GNFD","General Fund","City Attorney's Office","8495","City Contribution To Life","0","0"
"2025","GNFD","General Fund","City Attorney's Office","8496","City Contribution To Health Fund","0","0"
"2025","GNFD","General Fund","City Attorney's Office","8706","Employee Contribution To Emsp","0","0"
"2025","GNFD","General Fund","City Auditor's Office","8495","City Contribution To Life","0","0"
"2025","GNFD","General Fund","City Auditor's Office","8496","City Contribution To Health Fund","0","0"
"2025","GNFD","General Fund","City Auditor's Office","8706","Employee Contribution To Emsp","0","0"
"2025","GNFD","General Fund","Aviation","6390","Lics/Pmts-Ambulance","0","0"
"2025","GNFD","General Fund","Aviation","6393","Lics/Pmts-Emergency Wrecker Fee","0","0"
"2025","GNFD","General Fund","Aviation","6394","Lics/Pmts-Transportation for Hire","0","0"
"2025","GNFD","General Fund","Aviation","7702","TNC Revenues","0","0,01"
"2025","GNFD","General Fund","Office of Budget and Management Services","6001","Prop.Taxs-Real Est-Current","1 081 383 476","1 075 230 871,54"
"2025","GNFD","General Fund","Office of Budget and Management Services","6002","Prop.Taxs-Rl Est-Pr Rolls","-7 229 559","-6 305 230,37"
"2025","GNFD","General Fund","Office of Budget and Management Services","6003","Dealer Motor Vehicle Inventory Tax","973 658","287 818,22"
"2025","GNFD","General Fund","Office of Budget and Management Services","6007","Prop.Taxs-Penalty & Interest","6 799 846","8 252 488,59"
"2025","GNFD","General Fund","Office of Budget and Management Services","6008","Prop.Taxs-Refunds-Property Tx","48 478","126 707"
"2025","GNFD","General Fund","Office of Budget and Management Services","6100","Sales Tax Revenues","463 804 071","453 319 423,37"
"2025","GNFD","General Fund","Office of Budget and Management Services","6301","Lics/Pmts-Beer Licenses","170 000","143 438,33"
"2025","GNFD","General Fund","Office of Budget and Management Services","6302","Lics/Pmts-Liquor Licenses","714 056","616 789,45"
"2025","GNFD","General Fund","Office of Budget and Management Services","6313","Lics/Pmts-Dance Halls","30 000","34 716"
"2025","GNFD","General Fund","Office of Budget and Management Services","6320","Lics/Pmts-Billiard Halls","3 536","2 808"
"2025","GNFD","General Fund","Office of Budget and Management Services","6326","Lics/Pmts-Coin MacHines","25 000","24 735"
"2025","GNFD","General Fund","Office of Budget and Management Services","6330","Lics/Pmts-Amusement Center","0","1 560"
"2025","GNFD","General Fund","Office of Budget and Management Services","6350","Lics/Pmts-Precious Met Ven Lic","15 000","19 355"
"2025","GNFD","General Fund","Office of Budget and Management Services","6355","Lics/Pmts-Sex Oriented Bus Lic","25 000","22 968"
"2025","GNFD","General Fund","Office of Budget and Management Services","6371","False Fire Alarm Fee","0","0"
"2025","GNFD","General Fund","Office of Budget and Management Services","6374","Lics/Pmts-Special Services Bus","4 083","3 920"
"2025","GNFD","General Fund","Office of Budget and Management Services","6514","Intergovernment Revenue-Coppell","572 135","477 324,03"
"2025","GNFD","General Fund","Office of Budget and Management Services","6519","Igovt Rev-Irving","6 500 000","7 001 628,85"
"2025","GNFD","General Fund","Office of Budget and Management Services","6520","Igovt Rev-Euless","7 100 000","7 911 824,08"
"2025","GNFD","General Fund","Office of Budget and Management Services","6527","Igovt Rev-Grapevine","1 500 000","1 718 567"
"2025","GNFD","General Fund","Office of Budget and Management Services","7211","Chgs Serv-City Wide Over/Short","0","63"
"2025","GNFD","General Fund","Office of Budget and Management Services","7263","Chgs Serv-Vending Mach Concess","0","49 921,89"
"2025","GNFD","General Fund","Office of Budget and Management Services","7277","Chg Serv-Interest On Del Accts","0","-44 958,33"
"2025","GNFD","General Fund","Office of Budget and Management Services","7356","Secured Closure Delinquent Col","0","0"
"2025","GNFD","General Fund","Office of Budget and Management Services","7419","Chgs Serv-Vital Statistics","0","0"
"2025","GNFD","General Fund","Office of Budget and Management Services","7425","Weed Cutting-Paid Liens","0","0"
"2025","GNFD","General Fund","Office of Budget and Management Services","7447","Chgs Ser-McComas Disp Site Ren","1 334 168","1 249 635,72"
"2025","GNFD","General Fund","Office of Budget and Management Services","7457","Demolition Service Fees","0","0"
"2025","GNFD","General Fund","Office of Budget and Management Services","7506","Chgs Serv-Security Alarm Fee","3 418 064","3 286 589,97"
"2025","GNFD","General Fund","Office of Budget and Management Services","7515","Multi-Tenant Re-Inspection Fee","0","0"
"2025","GNFD","General Fund","Office of Budget and Management Services","7550","Service Charge Nsf Checks","60","60"
"2025","GNFD","General Fund","Office of Budget and Management Services","7558","Multitenant Registration Fee","0","0"
"2025","GNFD","General Fund","Office of Budget and Management Services","7813","Chgs Serv-Service Charges","0","2 586"
"2025","GNFD","General Fund","Office of Budget and Management Services","8013","Part Pay Installment Fee City","0","0"
"2025","GNFD","General Fund","Office of Budget and Management Services","8047","Habitual Criminal Abatement - Residential Property","5 000","5 040"
"2025","GNFD","General Fund","Office of Budget and Management Services","8048","Habitual Criminal Abatement - Non-Residential Property","15 000","1 362"
"2025","GNFD","General Fund","Office of Budget and Management Services","8100","Interest On Pooled Invest-Cash","20 000 000","19 059 434,08"
"2025","GNFD","General Fund","Office of Budget and Management Services","8103","Interest-Miscelleaneous","0","356 248,55"
"2025","GNFD","General Fund","Office of Budget and Management Services","8104","Accrued Interest On Poold Inv","0","-1 633 379,66"
"2025","GNFD","General Fund","Office of Budget and Management Services","8116","Amortized Discount/Premium Int","0","5 683 937,17"
"2025","GNFD","General Fund","Office of Budget and Management Services","8203","Othr Sale-Fran Txes-Tu Electri","50 382 417","51 981 736,22"
"2025","GNFD","General Fund","Office of Budget and Management Services","8204","Othr Sale-Fran Taxes-Sw Bell","2 524 685","2 521 691,36"
"2025","GNFD","General Fund","Office of Budget and Management Services","8205","Othr Sale-Fran Txs-Lone Str Ga","23 023 345","21 641 579,72"
"2025","GNFD","General Fund","Office of Budget and Management Services","8207","Othr Sale-Fran Txes-Cable Tv","3 995 082","3 703 956,71"
"2025","GNFD","General Fund","Office of Budget and Management Services","8209","Othr Sale-Bingo Gross Rect Fee","114 862","71 150,75"
"2025","GNFD","General Fund","Office of Budget and Management Services","8213","Commercial Container Fee -Fran","7 400 849","8 505 814,13"
"2025","GNFD","General Fund","Office of Budget and Management Services","8214","Franchise Tax- Fiber Optics","10 116 491","9 207 652,9"
"2025","GNFD","General Fund","Office of Budget and Management Services","8218","Naming/Pouring Rights/Sponsors","800 000","767 341,86"
"2025","GNFD","General Fund","Office of Budget and Management Services","8220","AT&T Video Franchise Fees","0","177 229,74"
"2025","GNFD","General Fund","Office of Budget and Management Services","8222","Verizon Video Franchise Fees","3 200","25 082,93"
"2025","GNFD","General Fund","Office of Budget and Management Services","8223","Grande Comm. Networks, Inc. Cable Franchise Fees","2 000","1 914,33"
"2025","GNFD","General Fund","Office of Budget and Management Services","8224","Triton Networks Cable Franchise Fees","0","500,25"
"2025","GNFD","General Fund","Office of Budget and Management Services","8414","Misc-Auto Auction/Non-Tax Sls","3 201 410","2 257 620,67"
"2025","GNFD","General Fund","Office of Budget and Management Services","8428","Misc-Misc Revenue","4 426","18 567,87"
"2025","GNFD","General Fund","Office of Budget and Management Services","842A","Misc-Disc For Prompt Payment","0","64 094,61"
"2025","GNFD","General Fund","Office of Budget and Management Services","8443","Misc-Auto Auction-Txble Sales","265 000","284 164,35"
"2025","GNFD","General Fund","Office of Budget and Management Services","8495","City Contribution To Life","0","0"
"2025","GNFD","General Fund","Office of Budget and Management Services","8496","City Contribution To Health Fund","0","0"
"2025","GNFD","General Fund","Office of Budget and Management Services","8575","Civil Penalities- Rehab","0","0"
"2025","GNFD","General Fund","Office of Budget and Management Services","8585","Revenue-GO 2010B BABS Subsidy","0","0"
"2025","GNFD","General Fund","Office of Budget and Management Services","8706","Employee Contribution To Emsp","0","0"
"2025","GNFD","General Fund","Office of Budget and Management Services","9201","Intfd Rev-Tran Fr Othr Fds-Rev","18 294 386","18 519 294"
"2025","GNFD","General Fund","Office of Budget and Management Services","9208","Intfd Rev-Wtr Dept-Indir Cst R","6 902 868","6 902 868"
"2025","GNFD","General Fund","Office of Budget and Management Services","9209","Intfd Rev-Avia Indir Cst Reimb","2 541 712","2 519 566"
"2025","GNFD","General Fund","Office of Budget and Management Services","9211","Intfd Rev-Convent Ctr Indirect","241 028","241 028"
"2025","GNFD","General Fund","Office of Budget and Management Services","9212","Intfd Rev-Munic Radio Indirect","8 561","8 561"
"2025","GNFD","General Fund","Office of Budget and Management Services","9213","Intfd Rev-Wtr Util Gross Recpt","32 572 515","34 625 768"
"2025","GNFD","General Fund","Office of Budget and Management Services","9224","Intfd Rev-Equip Svc Indir Cst","2 869 541","2 780 955"
"2025","GNFD","General Fund","Office of Budget and Management Services","9225","Intfd Rev-Bldg Insp Indir Cst","4 327 252","4 327 252"
"2025","GNFD","General Fund","Office of Budget and Management Services","9226","Intfd Rev-Storm Water Ind Cst","1 017 225","1 017 225"
"2025","GNFD","General Fund","Office of Budget and Management Services","9227","Radio Servies Indirect Cost","569 528","569 528"
"2025","GNFD","General Fund","Office of Budget and Management Services","9229","Intfd Rev-Refunds-Intr Fund Re","16 437 128","0"
"2025","GNFD","General Fund","Office of Budget and Management Services","9230","Data Services Indirect Cost","2 421 819","2 421 819"
"2025","GNFD","General Fund","Office of Budget and Management Services","9231","Office Service Indirectcost","274 104","-105 000"
"2025","GNFD","General Fund","Office of Budget and Management Services","9239","Employee Health Benfit Indir","378 571","378 571"
"2025","GNFD","General Fund","Office of Budget and Management Services","9240","Risk Management Indirect Cost","558 872","555 181"
"2025","GNFD","General Fund","Office of Budget and Management Services","9241","Indirect Cost -9-1-1","170 528","170 528"
"2025","GNFD","General Fund","Office of Budget and Management Services","9250","Intfd Rev-SAN Indir Cst Reimb","6 187 986","6 187 986"
"2025","GNFD","General Fund","Office of Budget and Management Services","9251","Intfd Rev-Tran Fr Landfill","4 443 874","4 443 873,56"
"2025","GNFD","General Fund","Office of Budget and Management Services","9253","Intfd Rev-Bond and Const Mgt-Indir Cst R","371 361","371 361"
"2025","GNFD","General Fund","Office of Budget and Management Services","9254","Intfd Rev-PKR Bond Pgm-Indir Cst R","263 209","263 209"
"2025","GNFD","General Fund","Office of Budget and Management Services","9255","Intfd Rev-PBW Bond Pgm-Indir Cst R","367 655","367 655"
"2025","GNFD","General Fund","Office of Budget and Management Services","R114","Gain/Loss Sale Of Investment","0","-83 573,9"
"2025","GNFD","General Fund","Building Services","8428","Misc-Misc Revenue","0","20"
"2025","GNFD","General Fund","Building Services","9945","Inception of Capital Lease-GASB 87","0","0"
"2025","GNFD","General Fund","City Controller's Office","7456","Misc for Services","0","112 334,35"
"2025","GNFD","General Fund","City Controller's Office","7894","Rebates revenues","0","219 133"
"2025","GNFD","General Fund","City Controller's Office","8420","Misc-Handling Charges","50 000","46 176,5"
"2025","GNFD","General Fund","City Controller's Office","8428","Misc-Misc Revenue","75 000","26 272,82"
"2025","GNFD","General Fund","City Controller's Office","8495","City Contribution To Life","0","0"
"2025","GNFD","General Fund","City Controller's Office","8496","City Contribution To Health Fund","0","0"
"2025","GNFD","General Fund","City Controller's Office","8706","Employee Contribution To Emsp","0","0"
"2025","GNFD","General Fund","Code Compliance","6305","Lics/Pmts-Wood Vendor","953","296"
"2025","GNFD","General Fund","Code Compliance","6329","Lics/Pmts-Motor Vehicle Repair","222 290","155 472,28"
"2025","GNFD","General Fund","Code Compliance","6336","Scrap Tire License Fee","289 782","136 222,55"
"2025","GNFD","General Fund","Code Compliance","6337","Lics/Pmts-Electronic Repair","16 993","630"
"2025","GNFD","General Fund","Code Compliance","6339","Lics/Pmts-Home Repair","324 361","35 751"
"2025","GNFD","General Fund","Code Compliance","6342","Lics/Pmts-Certificate of Occupancy Inspection CCS","547 944","354 296,1"
"2025","GNFD","General Fund","Code Compliance","6347","Lics/Pmts-Cbd Concession Licen","11 000","11 216"
"2025","GNFD","General Fund","Code Compliance","6351","Restaurant Permit Fee-Variance","31 355","3 546"
"2025","GNFD","General Fund","Code Compliance","6359","Lics/Pmts-Garage Sales Permit Fee","42 781","43 250"
"2025","GNFD","General Fund","Code Compliance","6362","Lics/Pmts-Convenience Store Registration & Inspection","0","274 097,77"
"2025","GNFD","General Fund","Code Compliance","637A","Group Housing Permit","105 003","114 151,46"
"2025","GNFD","General Fund","Code Compliance","6381","Commercial Vacant Building Registration","2 400","0"
"2025","GNFD","General Fund","Code Compliance","7041","Registrations","48 001","0"
"2025","GNFD","General Fund","Code Compliance","7211","Chgs Serv-City Wide Over/Short","0","4,66"
"2025","GNFD","General Fund","Code Compliance","7277","Chg Serv-Interest On Del Accts","0","-9 562,05"
"2025","GNFD","General Fund","Code Compliance","7356","Secured Closure Delinquent Col","235 174","217 503,34"
"2025","GNFD","General Fund","Code Compliance","7406","Public Swimming Pool Permit Fee","127 757","30 780"
"2025","GNFD","General Fund","Code Compliance","7425","Weed Cutting-Paid Liens","2 134 332","2 133 305,16"
"2025","GNFD","General Fund","Code Compliance","742H","Chgs Serv-Heavy Clean-Paid Liens","463 333","842 086,29"
"2025","GNFD","General Fund","Code Compliance","742L","Chgs Serv-Litter Clean-Paid Liens","244 166","132 316,56"
"2025","GNFD","General Fund","Code Compliance","742V","Chgs Serv-Vegetation Removal-Paid Liens","45 820","78 840,92"
"2025","GNFD","General Fund","Code Compliance","7457","Demolition Service Fees","527 076","783 328,42"
"2025","GNFD","General Fund","Code Compliance","7460","Chgs Serv-Contract Amb Serv","0","312"
"2025","GNFD","General Fund","Code Compliance","7468","Food Permit Application Fee","237 533","90 741,79"
"2025","GNFD","General Fund","Code Compliance","7486","Food Duplicate Permit/Name Change Fee","5 079","9 482"
"2025","GNFD","General Fund","Code Compliance","7487","Annual Food Late Inspection Fee","362 215","313 493,67"
"2025","GNFD","General Fund","Code Compliance","7490","Annual Food Inspection Permit Fee","2 835 779","2 482 636,61"
"2025","GNFD","General Fund","Code Compliance","7492","Mobile Food Units Permit Fee","0","1 145"
"2025","GNFD","General Fund","Code Compliance","7493","Temp Food Vendors Permit","728 414","508 598,19"
"2025","GNFD","General Fund","Code Compliance","7494","Swimming Pool Mgr. Fee Resident","28 130","21 647"
"2025","GNFD","General Fund","Code Compliance","7495","Swimming Pool Mgr. Fee Non-Resident","29 046","17 050"
"2025","GNFD","General Fund","Code Compliance","749A","Restaurant Re-Inspection Fee","27 611","32 341,75"
"2025","GNFD","General Fund","Code Compliance","7515","Multi-Tenant Re-Inspection Fee","291 101","559 653,12"
"2025","GNFD","General Fund","Code Compliance","7527","Mobile Unit & Kiosk/Coffee Cart Plan Review Fee","0","9 020"
"2025","GNFD","General Fund","Code Compliance","7550","Service Charge Nsf Checks","0","390"
"2025","GNFD","General Fund","Code Compliance","7558","Multitenant Registration Fee","1 684 320","1 725 367,98"
"2025","GNFD","General Fund","Code Compliance","7561","Mobile Food Prep Vehicles","0","185"
"2025","GNFD","General Fund","Code Compliance","756B","Preclosure","109 477","164 584,73"
"2025","GNFD","General Fund","Code Compliance","756C","Non TCS Product Sampling","26 555","0"
"2025","GNFD","General Fund","Code Compliance","788B","Single-Family Rental Registration Program","556 800","661 377,76"
"2025","GNFD","General Fund","Code Compliance","8411","Misc-Gifts & Donations","0","25"
"2025","GNFD","General Fund","Code Compliance","8428","Misc-Misc Revenue","1 369 047","13 434,85"
"2025","GNFD","General Fund","Code Compliance","8495","City Contribution To Life","0","0"
"2025","GNFD","General Fund","Code Compliance","8496","City Contribution To Health Fund","0","0"
"2025","GNFD","General Fund","Code Compliance","8575","Civil Penalities- Rehab","2 000","63 842,92"
"2025","GNFD","General Fund","Code Compliance","8586","Credit Access Bus Reg Fee","7 627","672"
"2025","GNFD","General Fund","Code Compliance","8706","Employee Contribution To Emsp","0","0"
"2025","GNFD","General Fund","City Manager's Office","8495","City Contribution To Life","0","0"
"2025","GNFD","General Fund","City Manager's Office","8496","City Contribution To Health Fund","0","0"
"2025","GNFD","General Fund","City Manager's Office","8706","Employee Contribution To Emsp","0","0"
"2025","GNFD","General Fund","Judiciary","8495","City Contribution To Life","0","0"
"2025","GNFD","General Fund","Judiciary","8496","City Contribution To Health Fund","0","0"
"2025","GNFD","General Fund","Judiciary","8706","Employee Contribution To Emsp","0","0"
"2025","GNFD","General Fund","Dallas Municipal Court","6308","Child Safety-Vehicle Registration Other","109 850","117 796,6"
"2025","GNFD","General Fund","Dallas Municipal Court","6511","Igovt Rev-Dallas County","1 379 350","1 416 257,9"
"2025","GNFD","General Fund","Dallas Municipal Court","6521","Igovt Rev-State Cost Coll Fees","520 000","552 096,59"
"2025","GNFD","General Fund","Dallas Municipal Court","7211","Chgs Serv-City Wide Over/Short","200","-155"
"2025","GNFD","General Fund","Dallas Municipal Court","7550","Service Charge Nsf Checks","1 200","682"
"2025","GNFD","General Fund","Dallas Municipal Court","7881","Chgs Serv-Muni Ct Warr Serv Fe","700 000","679 725,71"
"2025","GNFD","General Fund","Dallas Municipal Court","8008","Fines/For-Munic Ct Traffic","7 100 000","7 534 324,6"
"2025","GNFD","General Fund","Dallas Municipal Court","8009","Fines/Fro-Munic Ct-Non-Traf","1 300 000","1 453 884"
"2025","GNFD","General Fund","Dallas Municipal Court","8010","Fines/For-Munic Ct Other","25 000","65 450,74"
"2025","GNFD","General Fund","Dallas Municipal Court","8011","Fines/For-Munic Ct Driv Impsch","50 500","79 770,35"
"2025","GNFD","General Fund","Dallas Municipal Court","8013","Part Pay Installment Fee City","150 000","144 006,24"
"2025","GNFD","General Fund","Dallas Municipal Court","8016","Fines/ Arrest Fees","350 000","373 938,07"
"2025","GNFD","General Fund","Dallas Municipal Court","8018","Teen Court Administrative Fee","0","563,27"
"2025","GNFD","General Fund","Dallas Municipal Court","8019","Expired Regstration/Inspection","35 000","53 079,42"
"2025","GNFD","General Fund","Dallas Municipal Court","8020","Deferred  Adjudication","0","177,05"
"2025","GNFD","General Fund","Dallas Municipal Court","8021","Witness Summons Fee","1 300","1 922,59"
"2025","GNFD","General Fund","Dallas Municipal Court","8024","Cbf Court Cost","50 000","20 128,7"
"2025","GNFD","General Fund","Dallas Municipal Court","8026","Expired Driver License Fee","10 000","11 412,13"
"2025","GNFD","General Fund","Dallas Municipal Court","8034","Dps Failure To Appear Fee","30 000","13 839,64"
"2025","GNFD","General Fund","Dallas Municipal Court","8045","Fines/For-Civil Fines","1 150 000","1 125 464,55"
"2025","GNFD","General Fund","Dallas Municipal Court","8428","Misc-Misc Revenue","0","45"
"2025","GNFD","General Fund","Dallas Municipal Court","8495","City Contribution To Life","0","0"
"2025","GNFD","General Fund","Dallas Municipal Court","8496","City Contribution To Health Fund","0","0"
"2025","GNFD","General Fund","Dallas Municipal Court","8530","Court Cost-Child Safety/School","150 000","120 068,09"
"2025","GNFD","General Fund","Dallas Municipal Court","8539","New $3 Traffic Court Fee","123 000","134 573,18"
"2025","GNFD","General Fund","Dallas Municipal Court","8706","Employee Contribution To Emsp","0","0"
"2025","GNFD","General Fund","Dallas Municipal Court","9945","Inception of Capital Lease-GASB 87","0","0"
"2025","GNFD","General Fund","Civil Service","7456","Misc for Services","0","1 600"
"2025","GNFD","General Fund","Civil Service","8495","City Contribution To Life","0","0"
"2025","GNFD","General Fund","Civil Service","8496","City Contribution To Health Fund","0","0"
"2025","GNFD","General Fund","Dallas Animal Services","7211","Chgs Serv-City Wide Over/Short","0","3"
"2025","GNFD","General Fund","Dallas Animal Services","7420","Animal control Fees","127 831","71 837,82"
"2025","GNFD","General Fund","Dallas Animal Services","8411","Misc-Gifts & Donations","0","0"
"2025","GNFD","General Fund","Dallas Animal Services","8495","City Contribution To Life","0","0"
"2025","GNFD","General Fund","Dallas Animal Services","8496","City Contribution To Health Fund","0","0"
"2025","GNFD","General Fund","Dallas Animal Services","8706","Employee Contribution To Emsp","0","0"
"2025","GNFD","General Fund","Dallas Animal Services","9945","Inception of Capital Lease-GASB 87","0","0"
"2025","GNFD","General Fund","Office of Data Analytics and Business Intelligence","8495","City Contribution To Life","0","0"
"2025","GNFD","General Fund","Office of Data Analytics and Business Intelligence","8496","City Contribution To Health Fund","0","0"
"2025","GNFD","General Fund","Office of Data Analytics and Business Intelligence","8706","Employee Contribution To Emsp","0","0"
"2025","GNFD","General Fund","Dallas Fire-Rescue","6370","Lics/Pmts-Fire Prevent Permit","836 931","934 474,72"
"2025","GNFD","General Fund","Dallas Fire-Rescue","6371","False Fire Alarm Fee","809","1 059,31"
"2025","GNFD","General Fund","Dallas Fire-Rescue","6526","Igovt Rev-Misc Reimbursements","0","694,71"
"2025","GNFD","General Fund","Dallas Fire-Rescue","7211","Chgs Serv-City Wide Over/Short","0","-4 030"
"2025","GNFD","General Fund","Dallas Fire-Rescue","7277","Chg Serv-Interest On Del Accts","103 875","164 933,45"
"2025","GNFD","General Fund","Dallas Fire-Rescue","7280","Fire Prevention Inspection","545 294","665 325"
"2025","GNFD","General Fund","Dallas Fire-Rescue","7413","Chgs Serv-Emergency Ambulance","34 585 549","38 243 700,12"
"2025","GNFD","General Fund","Dallas Fire-Rescue","741A","Chgs Serv-Ambulance Supplement","1 700 000","5 449 484,04"
"2025","GNFD","General Fund","Dallas Fire-Rescue","7456","Misc for Services","3 168 889","2 839 812,5"
"2025","GNFD","General Fund","Dallas Fire-Rescue","7550","Service Charge Nsf Checks","255","0"
"2025","GNFD","General Fund","Dallas Fire-Rescue","7564","Mobile Community Health Program","0","0"
"2025","GNFD","General Fund","Dallas Fire-Rescue","7654","Chgs Serv-RRC Overdose Response Team","192 593","541 994,82"
"2025","GNFD","General Fund","Dallas Fire-Rescue","7805","Chgs Serv-Motor Vehicle Accident Cleanup Fee","4 579","0"
"2025","GNFD","General Fund","Dallas Fire-Rescue","7883","Fire Reinspection Fee","412 150","1 930 817,36"
"2025","GNFD","General Fund","Dallas Fire-Rescue","788D","Fire Registration Fee","324 218","532 790,74"
"2025","GNFD","General Fund","Dallas Fire-Rescue","788E","Fire Inspection-Public Assembly","110 978","292 735"
"2025","GNFD","General Fund","Dallas Fire-Rescue","788F","Fire Inspection-Hazardous Materials","159 527","177 000"
"2025","GNFD","General Fund","Dallas Fire-Rescue","788G","Fire Inspection-High-Rise Office/Storage/Assembly","40 785","8 636,45"
"2025","GNFD","General Fund","Dallas Fire-Rescue","788H","Fire Inspection-High-Rise Residential","29 782","26 705"
"2025","GNFD","General Fund","Dallas Fire-Rescue","788I","Fire Inspection-Health Care","20 328","24 740"
"2025","GNFD","General Fund","Dallas Fire-Rescue","8413","Misc-Charges Refunded","0","10 673,17"
"2025","GNFD","General Fund","Dallas Fire-Rescue","8414","Misc-Auto Auction/Non-Tax Sls","0","74 502,5"
"2025","GNFD","General Fund","Dallas Fire-Rescue","8428","Misc-Misc Revenue","18 484","31 363,51"
"2025","GNFD","General Fund","Dallas Fire-Rescue","8482","Misc-Land Lease","298 916","302 515,75"
"2025","GNFD","General Fund","Dallas Fire-Rescue","8488","Miscellaneous Refunds","1 000","4 530,78"
"2025","GNFD","General Fund","Dallas Fire-Rescue","8495","City Contribution To Life","0","0"
"2025","GNFD","General Fund","Dallas Fire-Rescue","8496","City Contribution To Health Fund","0","0"
"2025","GNFD","General Fund","Dallas Fire-Rescue","8706","Employee Contribution To Emsp","0","0"
"2025","GNFD","General Fund","Dallas Fire-Rescue","9945","Inception of Capital Lease-GASB 87","0","0"
"2025","GNFD","General Fund","Dallas Police Department","6364","Lics/Pmts-Registration Fee of Home Solicitors","3 500","2 350"
"2025","GNFD","General Fund","Dallas Police Department","6526","Igovt Rev-Misc Reimbursements","1 395 500","1 562 936,65"
"2025","GNFD","General Fund","Dallas Police Department","7211","Chgs Serv-City Wide Over/Short","0","2 052,43"
"2025","GNFD","General Fund","Dallas Police Department","7423","Chgs Serv-Accident Reports","15 000","11 632,7"
"2025","GNFD","General Fund","Dallas Police Department","7456","Misc for Services","125 000","311 443,44"
"2025","GNFD","General Fund","Dallas Police Department","7547","State Fair Patrol Revenues","2 530 000","3 077 762,13"
"2025","GNFD","General Fund","Dallas Police Department","7550","Service Charge Nsf Checks","0","30"
"2025","GNFD","General Fund","Dallas Police Department","7554","ENP-extended Neighborhood Patrol Program","1 287 618","466 729,05"
"2025","GNFD","General Fund","Dallas Police Department","7565","PEB-Police Equipment Billing Program","366 149","343 927,95"
"2025","GNFD","General Fund","Dallas Police Department","8000","Fines/For-Notification Fee","67 835","46 350"
"2025","GNFD","General Fund","Dallas Police Department","8001","Fines/For-Storg Fee-Auto Pnd","409 335","340 441,93"
"2025","GNFD","General Fund","Dallas Police Department","8002","Fines/For-Wreckr Fee-Auto Pnd","476 185","436 899,47"
"2025","GNFD","General Fund","Dallas Police Department","8003","Impoundment  Fee Dpd Auto Pnd","386 435","413 520,93"
"2025","GNFD","General Fund","Dallas Police Department","8039","Mandatory Crime Reduction Program Fee","1 400","1 423,17"
"2025","GNFD","General Fund","Dallas Police Department","8047","Habitual Criminal Abatement - Residential Property","25 000","15 628,38"
"2025","GNFD","General Fund","Dallas Police Department","8048","Habitual Criminal Abatement - Non-Residential Property","0","49 904"
"2025","GNFD","General Fund","Dallas Police Department","8100","Interest On Pooled Invest-Cash","0","1 141,18"
"2025","GNFD","General Fund","Dallas Police Department","8104","Accrued Interest On Poold Inv","0","-31,27"
"2025","GNFD","General Fund","Dallas Police Department","8116","Amortized Discount/Premium Int","0","304,77"
"2025","GNFD","General Fund","Dallas Police Department","8424","Misc-Taxable Sales","11 600","21 973,46"
"2025","GNFD","General Fund","Dallas Police Department","8428","Misc-Misc Revenue","7 750","17 488,93"
"2025","GNFD","General Fund","Dallas Police Department","8433","Misc-Uncl Mon-Pol Prop Rm N/T","200 000","272 289,99"
"2025","GNFD","General Fund","Dallas Police Department","8495","City Contribution To Life","0","0"
"2025","GNFD","General Fund","Dallas Police Department","8496","City Contribution To Health Fund","0","0"
"2025","GNFD","General Fund","Dallas Police Department","8706","Employee Contribution To Emsp","0","0"
"2025","GNFD","General Fund","Dallas Police Department","9201","Intfd Rev-Tran Fr Othr Fds-Rev","0","900 000"
"2025","GNFD","General Fund","Dallas Police Department","9945","Inception of Capital Lease-GASB 87","0","0"
"2025","GNFD","General Fund","Dallas Police Department","9946","Inception of SBITA-GASB96","0","0"
"2025","GNFD","General Fund","Dallas Police Department","R114","Gain/Loss Sale Of Investment","0","-6,55"
"2025","GNFD","General Fund","Information and Technology Services","8496","City Contribution To Health Fund","0","0"
"2025","GNFD","General Fund","Information and Technology Services","8706","Employee Contribution To Emsp","0","0"
"2025","GNFD","General Fund","Office Of Economic Development","7399","Public Improvement Dist Revenu","30 000","60 000"
"2025","GNFD","General Fund","Office Of Economic Development","7658","Applicant Underwriting Fees","0","11 000"
"2025","GNFD","General Fund","Office Of Economic Development","8495","City Contribution To Life","0","0"
"2025","GNFD","General Fund","Office Of Economic Development","8496","City Contribution To Health Fund","0","0"
"2025","GNFD","General Fund","Office Of Economic Development","8706","Employee Contribution To Emsp","0","0"
"2025","GNFD","General Fund","Equipment and Fleet Management","8496","City Contribution To Health Fund","0","0"
"2025","GNFD","General Fund","Equipment and Fleet Management","8706","Employee Contribution To Emsp","0","0"
"2025","GNFD","General Fund","Environmental & Health Service","8100","Interest On Pooled Invest-Cash","0","296 021,44"
"2025","GNFD","General Fund","Environmental & Health Service","8104","Accrued Interest On Poold Inv","0","89 960,21"
"2025","GNFD","General Fund","Environmental & Health Service","8116","Amortized Discount/Premium Int","0","176 619,51"
"2025","GNFD","General Fund","Environmental & Health Service","R114","Gain/Loss Sale Of Investment","0","-8 826,2"
"2025","GNFD","General Fund","Facilities and Real Estate Management","7277","Chg Serv-Interest On Del Accts","37 890","29 590,5"
"2025","GNFD","General Fund","Facilities and Real Estate Management","7279","Chgs Serv-Atm Service Fees","13 830","11 380"
"2025","GNFD","General Fund","Facilities and Real Estate Management","7442","Arts District Garage Non Taxbl","500 000","541 666,71"
"2025","GNFD","General Fund","Facilities and Real Estate Management","7550","Service Charge Nsf Checks","0","25"
"2025","GNFD","General Fund","Facilities and Real Estate Management","7580","Application Review Fees","651 700","85 000"
"2025","GNFD","General Fund","Facilities and Real Estate Management","8200","License Fees","3 396 800","4 213 390"
"2025","GNFD","General Fund","Facilities and Real Estate Management","8218","Naming/Pouring Rights/Sponsors","6 834","450"
"2025","GNFD","General Fund","Facilities and Real Estate Management","8410","Misc-Rental Othr Properties","1 037 152","320 164,91"
"2025","GNFD","General Fund","Facilities and Real Estate Management","8411","Misc-Gifts & Donations","0","4"
"2025","GNFD","General Fund","Facilities and Real Estate Management","8428","Misc-Misc Revenue","1 377","2 130"
"2025","GNFD","General Fund","Facilities and Real Estate Management","8440","Misc-Bullington St Truck Terminal","208 070","203 504"
"2025","GNFD","General Fund","Facilities and Real Estate Management","8441","Misc-Bullington St Pedestrian","61 533","30 851,79"
"2025","GNFD","General Fund","Facilities and Real Estate Management","8495","City Contribution To Life","0","0"
"2025","GNFD","General Fund","Facilities and Real Estate Management","8496","City Contribution To Health Fund","0","0"
"2025","GNFD","General Fund","Facilities and Real Estate Management","8706","Employee Contribution To Emsp","0","0"
"2025","GNFD","General Fund","Housing and Community Development","6503","Igovt Rev-Co Of Dallas-Tb Reim","463 267","0"
"2025","GNFD","General Fund","Housing and Community Development","8428","Misc-Misc Revenue","0","8 221"
"2025","GNFD","General Fund","Housing and Community Development","8495","City Contribution To Life","0","0"
"2025","GNFD","General Fund","Housing and Community Development","8496","City Contribution To Health Fund","0","0"
"2025","GNFD","General Fund","Library","7278","Chgs Serv-Int On Del Accounts","0","119,99"
"2025","GNFD","General Fund","Library","7291","GED Testing Center Revenue","6 400","6 262,5"
"2025","GNFD","General Fund","Library","7431","Chgs Serv-Lib Non-Res Fee Crds","135 000","175 225"
"2025","GNFD","General Fund","Library","7456","Misc for Services","0","198 171,53"
"2025","GNFD","General Fund","Library","7540","Meeting Room Charges","27 535","36 045"
"2025","GNFD","General Fund","Library","8004","Fines/For-Library","5 060","17 945,38"
"2025","GNFD","General Fund","Library","8424","Misc-Taxable Sales","260","468,01"
"2025","GNFD","General Fund","Library","8428","Misc-Misc Revenue","206 000","115 054,17"
"2025","GNFD","General Fund","Library","8495","City Contribution To Life","0","0"
"2025","GNFD","General Fund","Library","8496","City Contribution To Health Fund","0","0"
"2025","GNFD","General Fund","Library","8552","Bad Check Fees","100","0"
"2025","GNFD","General Fund","Library","8706","Employee Contribution To Emsp","0","0"
"2025","GNFD","General Fund","Mayor and City Council","8495","City Contribution To Life","0","0"
"2025","GNFD","General Fund","Mayor and City Council","8496","City Contribution To Health Fund","0","0"
"2025","GNFD","General Fund","Office of Management Services","6511","Igovt Rev-Dallas County","1 300 000","1 300 000"
"2025","GNFD","General Fund","Office of Management Services","7211","Chgs Serv-City Wide Over/Short","0","-1,71"
"2025","GNFD","General Fund","Office of Management Services","7419","Chgs Serv-Vital Statistics","1 850 000","1 855 570"
"2025","GNFD","General Fund","Office of Management Services","7514","Air Pollution Emmission Fee","254 693","224 833"
"2025","GNFD","General Fund","Office of Management Services","7876","Private Development Review","91 764","119 239,22"
"2025","GNFD","General Fund","Office of Management Services","8100","Interest On Pooled Invest-Cash","0","573,39"
"2025","GNFD","General Fund","Office of Management Services","8200","License Fees","0","18 976,61"
"2025","GNFD","General Fund","Office of Management Services","8410","Misc-Rental Othr Properties","100 000","89 670,5"
"2025","GNFD","General Fund","Office of Management Services","8411","Misc-Gifts & Donations","0","104 994,43"
"2025","GNFD","General Fund","Office of Management Services","8495","City Contribution To Life","0","0"
"2025","GNFD","General Fund","Office of Management Services","8496","City Contribution To Health Fund","0","0"
"2025","GNFD","General Fund","Office of Management Services","8706","Employee Contribution To Emsp","0","0"
"2025","GNFD","General Fund","City Marshal's Office","7454","Chgs Serv-Parking","10 000","22 567,34"
"2025","GNFD","General Fund","City Marshal's Office","7554","ENP-extended Neighborhood Patrol Program","0","5 336"
"2025","GNFD","General Fund","City Marshal's Office","8495","City Contribution To Life","0","0"
"2025","GNFD","General Fund","City Marshal's Office","8496","City Contribution To Health Fund","0","0"
"2025","GNFD","General Fund","City Marshal's Office","8550","Security Services","160 000","155 424,14"
"2025","GNFD","General Fund","City Marshal's Office","8706","Employee Contribution To Emsp","0","0"
"2025","GNFD","General Fund","Office of Arts and Culture","7219","Chgs Serv-Bldg Use Fee","731 690","1 670 752,42"
"2025","GNFD","General Fund","Office of Arts and Culture","7289","Other Collectible Cost Recopument","150 752","96 540,78"
"2025","GNFD","General Fund","Office of Arts and Culture","7437","Facility Maintenance Charge-Tenants","100 156","70 514,5"
"2025","GNFD","General Fund","Office of Arts and Culture","7467","Security Chrgs-Non-Taxable","84 557","114 989,88"
"2025","GNFD","General Fund","Office of Arts and Culture","7550","Service Charge Nsf Checks","0","35"
"2025","GNFD","General Fund","Office of Arts and Culture","7813","Chgs Serv-Service Charges","314 461","199 013"
"2025","GNFD","General Fund","Office of Arts and Culture","7824","Chgs Serv-Concessions","179 582","576 746,64"
"2025","GNFD","General Fund","Office of Arts and Culture","7845","Parking-tax exempt/non taxable","8 400","8 736"
"2025","GNFD","General Fund","Office of Arts and Culture","8100","Interest On Pooled Invest-Cash","0","80,7"
"2025","GNFD","General Fund","Office of Arts and Culture","8116","Amortized Discount/Premium Int","0","23,73"
"2025","GNFD","General Fund","Office of Arts and Culture","8428","Misc-Misc Revenue","30 466","27 525,88"
"2025","GNFD","General Fund","Office of Arts and Culture","8495","City Contribution To Life","0","0"
"2025","GNFD","General Fund","Office of Arts and Culture","8496","City Contribution To Health Fund","0","0"
"2025","GNFD","General Fund","Office of Arts and Culture","8706","Employee Contribution To Emsp","0","0"
"2025","GNFD","General Fund","Office of the Inspector General","8496","City Contribution To Health Fund","0","0"
"2025","GNFD","General Fund","Transportation and Public Works","6311","Parking Lot(Fair Park)Net Rev","0","2 500"
"2025","GNFD","General Fund","Transportation and Public Works","6313","Lics/Pmts-Dance Halls","91 867","22 573"
"2025","GNFD","General Fund","Transportation and Public Works","6369","Lics/Pmts-Valet Parking Permit","142 800","164 489,03"
"2025","GNFD","General Fund","Transportation and Public Works","6377","Residential Parking Stickers","11 290","5 718,72"
"2025","GNFD","General Fund","Transportation and Public Works","6380","Application & Signs Fee Cwrp","5 000","694"
"2025","GNFD","General Fund","Transportation and Public Works","6390","Lics/Pmts-Ambulance","0","8 617"
"2025","GNFD","General Fund","Transportation and Public Works","6393","Lics/Pmts-Emergency Wrecker Fee","0","87"
"2025","GNFD","General Fund","Transportation and Public Works","6394","Lics/Pmts-Transportation for Hire","0","3 898"
"2025","GNFD","General Fund","Transportation and Public Works","6395","Dockless Vehicle Permit","125 000","210 990,2"
"2025","GNFD","General Fund","Transportation and Public Works","6526","Igovt Rev-Misc Reimbursements","1 241 103","2 968 474,83"
"2025","GNFD","General Fund","Transportation and Public Works","7047","Miscellaneous Bldg Insp","2 964 000","4 387 727,78"
"2025","GNFD","General Fund","Transportation and Public Works","7277","Chg Serv-Interest On Del Accts","0","33 629,96"
"2025","GNFD","General Fund","Transportation and Public Works","7458","Chgs Serv-Street Lights","947 500","1 011 692,67"
"2025","GNFD","General Fund","Transportation and Public Works","7514","Air Pollution Emmission Fee","0","0"
"2025","GNFD","General Fund","Transportation and Public Works","7518","Petition No Parking","19 300","917"
"2025","GNFD","General Fund","Transportation and Public Works","7521","Thoroughfare Admendment Fee","25 400","34 849,27"
"2025","GNFD","General Fund","Transportation and Public Works","7550","Service Charge Nsf Checks","0","2 340"
"2025","GNFD","General Fund","Transportation and Public Works","758A","Small Cell Application Review Fees","120 000","0"
"2025","GNFD","General Fund","Transportation and Public Works","8007","Fines/Parking Fines","5 454 000","4 536 498,91"
"2025","GNFD","General Fund","Transportation and Public Works","8035","Fines/Red Light Cameras","0","11 418,6"
"2025","GNFD","General Fund","Transportation and Public Works","8041","NON-taxable Parking Lot Fees","945 000","849 951,56"
"2025","GNFD","General Fund","Transportation and Public Works","8042","NON-taxable Parking Permit Revenue","0","3 625"
"2025","GNFD","General Fund","Transportation and Public Works","8043","NON-taxable Parking Meter Fees","3 088 476","2 924 131,82"
"2025","GNFD","General Fund","Transportation and Public Works","804H","NON-taxable Parking Meter Hooding","33 259","179 514,01"
"2025","GNFD","General Fund","Transportation and Public Works","8406","Misc-Assessments","0","-801,46"
"2025","GNFD","General Fund","Transportation and Public Works","8410","Misc-Rental Othr Properties","586 689","804 678,67"
"2025","GNFD","General Fund","Transportation and Public Works","8428","Misc-Misc Revenue","470 000","42 106,68"
"2025","GNFD","General Fund","Transportation and Public Works","8492","Misc-Developer/Contractor Participation/contribution","0","27 500"
"2025","GNFD","General Fund","Transportation and Public Works","8495","City Contribution To Life","0","0"
"2025","GNFD","General Fund","Transportation and Public Works","8496","City Contribution To Health Fund","0","0"
"2025","GNFD","General Fund","Transportation and Public Works","8530","Court Cost-Child Safety/School","465 000","470 180"
"2025","GNFD","General Fund","Transportation and Public Works","8706","Employee Contribution To Emsp","0","0"
"2025","GNFD","General Fund","Transportation and Public Works","9303","Copy Service Sales Non Taxable","0","500"
"2025","GNFD","General Fund","Planning and Development","7040","Certificate Of Occupancy","0","0"
"2025","GNFD","General Fund","Planning and Development","704D","Demolition Permit","2 000","4 800"
"2025","GNFD","General Fund","Planning and Development","704S","Bldg Permit Single Family","8 000","13 000"
"2025","GNFD","General Fund","Planning and Development","704U","Unauthorized Cover Up Fee","7 200","8 400"
"2025","GNFD","General Fund","Planning and Development","7401","Zoning/Lndmk Sign Applic Fees","0","1 050"
"2025","GNFD","General Fund","Planning and Development","7476","Chgs Serv-Wellness Prog Rev","0","15,65"
"2025","GNFD","General Fund","Planning and Development","8495","City Contribution To Life","0","0"
"2025","GNFD","General Fund","Planning and Development","8496","City Contribution To Health Fund","0","0"
"2025","GNFD","General Fund","Planning and Development","8706","Employee Contribution To Emsp","0","0"
"2025","GNFD","General Fund","Human Resources","8495","City Contribution To Life","0","0"
"2025","GNFD","General Fund","Human Resources","8496","City Contribution To Health Fund","0","0"
"2025","GNFD","General Fund","Park and Recreation","7045","After Hours Inspection","0","2,49"
"2025","GNFD","General Fund","Park and Recreation","7200","Chgs Serv-Tennis Tourn Ct Fee","10 811","0"
"2025","GNFD","General Fund","Park and Recreation","7201","Chgs Serv-Tennis League Ct Fee","10 980","0"
"2025","GNFD","General Fund","Park and Recreation","7202","Chgs Serv-Team Registration","29 811","24 332,9"
"2025","GNFD","General Fund","Park and Recreation","7203","Chgs Serv-Special Events","209 000","184 100,5"
"2025","GNFD","General Fund","Park and Recreation","7204","Chgs Serv-Physical Fitness","205 860","92 015,74"
"2025","GNFD","General Fund","Park and Recreation","7208","Chgs Serv-Day Participation Child","51 000","43 314"
"2025","GNFD","General Fund","Park and Recreation","7210","Chgs Serv-Swim Pool Card Age 18+ / Group Mission","277 863","112 679,2"
"2025","GNFD","General Fund","Park and Recreation","7211","Chgs Serv-City Wide Over/Short","0","-173,72"
"2025","GNFD","General Fund","Park and Recreation","7212","Chgs Serv-Contract Classes","686 567","1 162 309,77"
"2025","GNFD","General Fund","Park and Recreation","7213","Chgs Serv-Swimming Pools 11&-","596 766","69 652,4"
"2025","GNFD","General Fund","Park and Recreation","7214","Chgs Serv-Swim Pool Age 12/17","820 764","354 150,8"
"2025","GNFD","General Fund","Park and Recreation","7215","Chgs Serv-Swims Pools Family/Season Pass","67 000","47 649,27"
"2025","GNFD","General Fund","Park and Recreation","7216","Chgs Serv-Swim Pool Rental","35 000","31 445"
"2025","GNFD","General Fund","Park and Recreation","7217","Chgs Serv-Swimming Lessons","402 317","120 207,98"
"2025","GNFD","General Fund","Park and Recreation","7218","Chgs Serv-Picnic/Pavilion Rental Fee","441 796","202 892,2"
"2025","GNFD","General Fund","Park and Recreation","7219","Chgs Serv-Bldg Use Fee","781 911","74 965,32"
"2025","GNFD","General Fund","Park and Recreation","721A","Chgs Serv-Adult Admission Bahama Beach","640 214","617 553,65"
"2025","GNFD","General Fund","Park and Recreation","721B","Chgs Serv-Cooler Entry Fee Bahama Beach","19 699","81 345"
"2025","GNFD","General Fund","Park and Recreation","721C","Chgs Serv-Locker Rental Bahama Beach","21 000","12 428,44"
"2025","GNFD","General Fund","Park and Recreation","721D","Chgs Serv-Jr Admission Bahama Beach","111 000","80 692,35"
"2025","GNFD","General Fund","Park and Recreation","7220","Recreation Small Room Fee","44 851","20 724,78"
"2025","GNFD","General Fund","Park and Recreation","7221","Chgs Serv-Basketball Fee1/2/Ct","20 000","11 327"
"2025","GNFD","General Fund","Park and Recreation","7222","Civic Reservation","2 440","1 090"
"2025","GNFD","General Fund","Park and Recreation","7223","Chgs Serv-Basketball Fee Full","164 874","168 904,72"
"2025","GNFD","General Fund","Park and Recreation","7224","Non-Resident Adult Activy Card","20 550","52 923,32"
"2025","GNFD","General Fund","Park and Recreation","7225","Tennis Singles Court Fee","5 190","0"
"2025","GNFD","General Fund","Park and Recreation","7226","Chgs Serv-Tennis Doubles Court Fee","21 489","0"
"2025","GNFD","General Fund","Park and Recreation","7227","Receration Center Id 2-17","0","1 263,44"
"2025","GNFD","General Fund","Park and Recreation","7228","Recreation Center Id 18-62","63 000","74 423,06"
"2025","GNFD","General Fund","Park and Recreation","7229","Receration Center Id 63-Over","28 287","48 870,39"
"2025","GNFD","General Fund","Park and Recreation","7230","Recreation Large Room Fee","209 529","172 145,03"
"2025","GNFD","General Fund","Park and Recreation","7237","Tennis Lessons","40 382","0"
"2025","GNFD","General Fund","Park and Recreation","723A","Chgs Serv-Athletic Field Reven","515 948","471 573,11"
"2025","GNFD","General Fund","Park and Recreation","7241","Chgs Serv-Golfcar Cds Sr/Hhdcp","150","0"
"2025","GNFD","General Fund","Park and Recreation","7243","Chgs Serv-Golf Cards Jr Grnfee","9 800","11 837,71"
"2025","GNFD","General Fund","Park and Recreation","7244","Chgs Serv-Golf Punch Cards","31 393","185,03"
"2025","GNFD","General Fund","Park and Recreation","7245","Chgs Serv-Golf Cards Sr Grnfee","10 900","147,45"
"2025","GNFD","General Fund","Park and Recreation","7246","Chgs Serv-Golf Green Fees Jr","27 127","39 478,17"
"2025","GNFD","General Fund","Park and Recreation","7247","Chgs Serv-Golf Gren Fees Sr","491 189","471 131,59"
"2025","GNFD","General Fund","Park and Recreation","7248","Chgs Serv-Glf Bef 4PM Wkdy","353 642","336 624,59"
"2025","GNFD","General Fund","Park and Recreation","7249","Charg For-Golf Grnfees Bef4HOL","1 132 288","974 324,21"
"2025","GNFD","General Fund","Park and Recreation","7250","Charg For-Glf Gf Aft 4PM Wkdy","245 670","216 527,45"
"2025","GNFD","General Fund","Park and Recreation","7251","Chgs Serv-Glf Gf Aft 4PM Hol","363 087","401 432,6"
"2025","GNFD","General Fund","Park and Recreation","7252","Chgs Serv-Golf Pro Revenue Commission","481 769","566 715,96"
"2025","GNFD","General Fund","Park and Recreation","7255","Sundown Golf Fees","294 148","454 088,65"
"2025","GNFD","General Fund","Park and Recreation","7264","Chgs Serv-Portable Fd&Drnk Con","0","13 000"
"2025","GNFD","General Fund","Park and Recreation","7282","Recreation Center Id 06?11","0","1 843,31"
"2025","GNFD","General Fund","Park and Recreation","7283","Staff Taught Rec Class","442 714","8 079,3"
"2025","GNFD","General Fund","Park and Recreation","7550","Service Charge Nsf Checks","0","25"
"2025","GNFD","General Fund","Park and Recreation","7551","Pro Shop Utility Revenue","109 322","71 923,91"
"2025","GNFD","General Fund","Park and Recreation","7552","Greenhouse Utilities Revenue","45 000","608,59"
"2025","GNFD","General Fund","Park and Recreation","7710","Concession Revenue: Food/Beverage","0","3 749,64"
"2025","GNFD","General Fund","Park and Recreation","7821","Cable Television Installation","0","21"
"2025","GNFD","General Fund","Park and Recreation","7824","Chgs Serv-Concessions","11 444","15 694,76"
"2025","GNFD","General Fund","Park and Recreation","8411","Misc-Gifts & Donations","0","163 900"
"2025","GNFD","General Fund","Park and Recreation","8424","Misc-Taxable Sales","197 814","255 181,71"
"2025","GNFD","General Fund","Park and Recreation","8428","Misc-Misc Revenue","0","20 465"
"2025","GNFD","General Fund","Park and Recreation","8446","Misc-Sale Cty Surp Prp/Txbl Sl","0","578"
"2025","GNFD","General Fund","Park and Recreation","8471","Misc-Rental Of Bldgs And Othr","40 371","51 149,88"
"2025","GNFD","General Fund","Park and Recreation","8481","Misc-Percent Mdse Sales Pk Prp","207 052","0"
"2025","GNFD","General Fund","Park and Recreation","8483","Misc-Building Lease","0","17 049,06"
"2025","GNFD","General Fund","Park and Recreation","8495","City Contribution To Life","0","0"
"2025","GNFD","General Fund","Park and Recreation","8496","City Contribution To Health Fund","0","0"
"2025","GNFD","General Fund","Park and Recreation","8706","Employee Contribution To Emsp","0","0"
"2025","GNFD","General Fund","Planning and Urban Design","704D","Demolition Permit","0","0"
"2025","GNFD","General Fund","Planning and Urban Design","704S","Bldg Permit Single Family","0","0"
"2025","GNFD","General Fund","Planning and Urban Design","704U","Unauthorized Cover Up Fee","0","0"
"2025","GNFD","General Fund","Procurement Services","7894","Rebates revenues","225 000","39 908,38"
"2025","GNFD","General Fund","Procurement Services","8495","City Contribution To Life","0","0"
"2025","GNFD","General Fund","Procurement Services","8496","City Contribution To Health Fund","0","0"
"2025","GNFD","General Fund","City Secretary's Office","6511","Igovt Rev-Dallas County","0","88 264,4"
"2025","GNFD","General Fund","City Secretary's Office","751A","Chg Serv.-Open Records Requests.","15 000","22 590,51"
"2025","GNFD","General Fund","City Secretary's Office","7550","Service Charge Nsf Checks","0","0"
"2025","GNFD","General Fund","City Secretary's Office","8411","Misc-Gifts & Donations","0","501,49"
"2025","GNFD","General Fund","City Secretary's Office","8428","Misc-Misc Revenue","12 000","11 100"
"2025","GNFD","General Fund","City Secretary's Office","8495","City Contribution To Life","0","0"
"2025","GNFD","General Fund","City Secretary's Office","8496","City Contribution To Health Fund","0","0"
"2025","GNFD","General Fund","City Secretary's Office","9229","Intfd Rev-Refunds-Intr Fund Re","412 936","412 936"
"2025","GNFD","General Fund","City Secretary's Office","9303","Copy Service Sales Non Taxable","1 400","977,23"
"2025","GNFD","General Fund","Transportation","6369","Lics/Pmts-Valet Parking Permit","0","0"
"2025","GNFD","General Fund","Transportation","6377","Residential Parking Stickers","0","0"
"2025","GNFD","General Fund","Transportation","6395","Dockless Vehicle Permit","0","0"
"2025","GNFD","General Fund","Transportation","7458","Chgs Serv-Street Lights","0","0"
"2025","GNFD","General Fund","Transportation","7518","Petition No Parking","0","0"
"2025","GNFD","General Fund","Transportation","8007","Fines/Parking Fines","0","359 682,34"
"2025","GNFD","General Fund","Transportation","8035","Fines/Red Light Cameras","0","0"
"2025","GNFD","General Fund","Transportation","8041","NON-taxable Parking Lot Fees","0","0"
"2025","GNFD","General Fund","Transportation","8042","NON-taxable Parking Permit Revenue","0","0"
"2025","GNFD","General Fund","Transportation","8043","NON-taxable Parking Meter Fees","0","0"
"2025","GNFD","General Fund","Transportation","804H","NON-taxable Parking Meter Hooding","0","0"
"2025","GNFD","General Fund","Transportation","8410","Misc-Rental Othr Properties","0","0"
"2025","GNFD","General Fund","Transportation","8428","Misc-Misc Revenue","0","0"
"2025","GNFD","General Fund","Transportation","8530","Court Cost-Child Safety/School","0","0"
"2025","INSV","Internal Service Fund","Information and Technology Services","7456","Misc for Services","1 856 251","1 767 266,66"
"2025","INSV","Internal Service Fund","Information and Technology Services","7458","Chgs Serv-Street Lights","0","3 290"
"2025","INSV","Internal Service Fund","Information and Technology Services","7465","Chgs Serv-Liblost Borrowers Ca","0","3 290"
"2025","INSV","Internal Service Fund","Information and Technology Services","8100","Interest On Pooled Invest-Cash","140 681","1 352 025,82"
"2025","INSV","Internal Service Fund","Information and Technology Services","8104","Accrued Interest On Poold Inv","0","3 624,53"
"2025","INSV","Internal Service Fund","Information and Technology Services","8116","Amortized Discount/Premium Int","0","335 933,3"
"2025","INSV","Internal Service Fund","Information and Technology Services","8428","Misc-Misc Revenue","0","82 929,08"
"2025","INSV","Internal Service Fund","Information and Technology Services","8495","City Contribution To Life","0","0"
"2025","INSV","Internal Service Fund","Information and Technology Services","8496","City Contribution To Health Fund","0","0"
"2025","INSV","Internal Service Fund","Information and Technology Services","8569","Electronic Circuits Telephone","12 674 046","13 941 705,43"
"2025","INSV","Internal Service Fund","Information and Technology Services","8706","Employee Contribution To Emsp","0","0"
"2025","INSV","Internal Service Fund","Information and Technology Services","9201","Intfd Rev-Tran Fr Othr Fds-Rev","0","2 553 375,86"
"2025","INSV","Internal Service Fund","Information and Technology Services","9400","Intrd Rev-Rental","13 948 622","13 965 551,51"
"2025","INSV","Internal Service Fund","Information and Technology Services","9413","Intfd-Desktop Services","1 694 724","16 621,08"
"2025","INSV","Internal Service Fund","Information and Technology Services","9414","Intfd-Telephone","13 702 331","15 045 764,5"
"2025","INSV","Internal Service Fund","Information and Technology Services","9415","Data Services Revenue","103 376 097","102 641 736,33"
"2025","INSV","Internal Service Fund","Information and Technology Services","R114","Gain/Loss Sale Of Investment","0","-7 305,43"
"2025","INSV","Internal Service Fund","Equip & Bldg Svcs","8415","Misc-Sale of Fixed Assets","0","-303 460"
"2025","INSV","Internal Service Fund","Equip & Bldg Svcs","8428","Misc-Misc Revenue","0","-449,87"
"2025","INSV","Internal Service Fund","Equip & Bldg Svcs","8437","Misc-Gain On Sle Of Fxd Asset","0","303 460"
"2025","INSV","Internal Service Fund","Equipment and Fleet Management","7887","Misc-Cng Fuel Sales To Non Cit","2 000","2 764,73"
"2025","INSV","Internal Service Fund","Equipment and Fleet Management","8100","Interest On Pooled Invest-Cash","8 000","0"
"2025","INSV","Internal Service Fund","Equipment and Fleet Management","8414","Misc-Auto Auction/Non-Tax Sls","675 714","1 164 446,72"
"2025","INSV","Internal Service Fund","Equipment and Fleet Management","8428","Misc-Misc Revenue","20 000","6 874,62"
"2025","INSV","Internal Service Fund","Equipment and Fleet Management","8446","Misc-Sale Cty Surp Prp/Txbl Sl","0","125 690"
"2025","INSV","Internal Service Fund","Equipment and Fleet Management","8495","City Contribution To Life","0","0"
"2025","INSV","Internal Service Fund","Equipment and Fleet Management","8496","City Contribution To Health Fund","0","0"
"2025","INSV","Internal Service Fund","Equipment and Fleet Management","8706","Employee Contribution To Emsp","0","0"
"2025","INSV","Internal Service Fund","Equipment and Fleet Management","9400","Intrd Rev-Rental","43 613 834","42 995 296,77"
"2025","INSV","Internal Service Fund","Equipment and Fleet Management","9401","Intfd Rev-Fuel","23 705 485","22 436 948,22"
"2025","INSV","Internal Service Fund","Equipment and Fleet Management","9403","Commercial Chargeback","4 651 496","4 343 692,55"
"2025","INSV","Internal Service Fund","Equipment and Fleet Management","9405","Intfd Rev-Direct Work Order","420 000","1 193 594,14"
"2025","INSV","Internal Service Fund","Equipment and Fleet Management","9416","Intrd Rev-Motor Pool","212 505","0"
"2025","INSV","Internal Service Fund","Office of Management Services","8495","City Contribution To Life","0","0"
"2025","INSV","Internal Service Fund","Office of Management Services","8496","City Contribution To Health Fund","0","0"
"2025","INSV","Internal Service Fund","Office of Management Services","8706","Employee Contribution To Emsp","0","0"
"2025","INSV","Internal Service Fund","Office of Management Services","9417","Intrd Rev-GO Bond Reimbursement","4 363 746","3 330 824,75"
"2025","INSV","Internal Service Fund","Office of Management Services","9421","Intrd Rev-Other Reimb for Non-Bond Projects","0","72 481,22"
"2025","INSV","Internal Service Fund","Transportation and Public Works","6100","Sales Tax Revenues","0","0"
"2025","INSV","Internal Service Fund","Transportation and Public Works","7045","After Hours Inspection","99 000","419 857,51"
"2025","INSV","Internal Service Fund","Transportation and Public Works","8495","City Contribution To Life","0","0"
"2025","INSV","Internal Service Fund","Transportation and Public Works","8496","City Contribution To Health Fund","0","0"
"2025","INSV","Internal Service Fund","Transportation and Public Works","8706","Employee Contribution To Emsp","0","0"
"2025","INSV","Internal Service Fund","Transportation and Public Works","9417","Intrd Rev-GO Bond Reimbursement","12 688 196","11 035 597,55"
"2025","INSV","Internal Service Fund","Transportation and Public Works","9418","Intrd Rev-GF Reimb for Non-Bond Projects","1 330 195","1 330 195"
"2025","INSV","Internal Service Fund","Transportation and Public Works","9419","Intrd Rev-SDM Reimb for Non-Bond Projects","72 450","72 450"
"2025","INSV","Internal Service Fund","Transportation and Public Works","9420","Intrd Rev-DWU Reimb for Non-Bond Projects","1 570 609","890 450,57"
"2025","INSV","Internal Service Fund","Park and Recreation","8495","City Contribution To Life","0","0"
"2025","INSV","Internal Service Fund","Park and Recreation","8496","City Contribution To Health Fund","0","0"
"2025","INSV","Internal Service Fund","Park and Recreation","8706","Employee Contribution To Emsp","0","0"
"2025","INSV","Internal Service Fund","Park and Recreation","9417","Intrd Rev-GO Bond Reimbursement","4 139 616","864 603,3"
"2025","INSV","Internal Service Fund","Park and Recreation","9418","Intrd Rev-GF Reimb for Non-Bond Projects","579 667","2 201 368,37"
"2025","INSV","Internal Service Fund","Procurement Services","7211","Chgs Serv-City Wide Over/Short","0","-9,89"
"2025","INSV","Internal Service Fund","Procurement Services","7403","Chgs Serv-Postage Sales","566 000","804 034,63"
"2025","INSV","Internal Service Fund","Procurement Services","7407","Chgs Serv-Supply Sales","73 050","73 569,38"
"2025","INSV","Internal Service Fund","Procurement Services","7511","Development Impact Review Fee","0","-0,97"
"2025","INSV","Internal Service Fund","Procurement Services","7543","Sales Non Taxable","32 000","2 354,16"
"2025","INSV","Internal Service Fund","Procurement Services","7894","Rebates revenues","55 000","20 702,6"
"2025","INSV","Internal Service Fund","Procurement Services","8100","Interest On Pooled Invest-Cash","0","206 990,4"
"2025","INSV","Internal Service Fund","Procurement Services","8104","Accrued Interest On Poold Inv","0","-7 820,39"
"2025","INSV","Internal Service Fund","Procurement Services","8116","Amortized Discount/Premium Int","0","55 374,56"
"2025","INSV","Internal Service Fund","Procurement Services","8420","Misc-Handling Charges","1 200 000","770 061,64"
"2025","INSV","Internal Service Fund","Procurement Services","8424","Misc-Taxable Sales","60 000","80 065,07"
"2025","INSV","Internal Service Fund","Procurement Services","8428","Misc-Misc Revenue","0","40,92"
"2025","INSV","Internal Service Fund","Procurement Services","8432","Misc-Sale Cty Surp Prp/Non Tx","55 000","36 203,84"
"2025","INSV","Internal Service Fund","Procurement Services","8446","Misc-Sale Cty Surp Prp/Txbl Sl","65 000","133 745"
"2025","INSV","Internal Service Fund","Procurement Services","8495","City Contribution To Life","0","0"
"2025","INSV","Internal Service Fund","Procurement Services","8496","City Contribution To Health Fund","0","0"
"2025","INSV","Internal Service Fund","Procurement Services","9303","Copy Service Sales Non Taxable","300 000","459 505,74"
"2025","INSV","Internal Service Fund","Procurement Services","R114","Gain/Loss Sale Of Investment","0","-1 196,63"
"2025","OTHO","Other Operating Fund","Information and Technology Services","7911","9-1-1 Service Receipts","7 187 048","7 666 312,05"
"2025","OTHO","Other Operating Fund","Information and Technology Services","7912","Wireline Revenues","7 978 634","9 009 980,13"
"2025","OTHO","Other Operating Fund","Information and Technology Services","7913","Cama Trunk Revenue","3 785","0"
"2025","OTHO","Other Operating Fund","Information and Technology Services","8100","Interest On Pooled Invest-Cash","117 107","649 058,11"
"2025","OTHO","Other Operating Fund","Information and Technology Services","8104","Accrued Interest On Poold Inv","0","6 044,44"
"2025","OTHO","Other Operating Fund","Information and Technology Services","8116","Amortized Discount/Premium Int","0","163 935,72"
"2025","OTHO","Other Operating Fund","Information and Technology Services","8495","City Contribution To Life","0","0"
"2025","OTHO","Other Operating Fund","Information and Technology Services","8496","City Contribution To Health Fund","0","0"
"2025","OTHO","Other Operating Fund","Information and Technology Services","R114","Gain/Loss Sale Of Investment","0","-3 598,95"
"2025","OTHO","Other Operating Fund","Office of Risk Management","8100","Interest On Pooled Invest-Cash","0","90 709,75"
"2025","OTHO","Other Operating Fund","Office of Risk Management","8104","Accrued Interest On Poold Inv","0","209,48"
"2025","OTHO","Other Operating Fund","Office of Risk Management","8116","Amortized Discount/Premium Int","0","28 116,52"
"2025","OTHO","Other Operating Fund","Office of Risk Management","8495","City Contribution To Life","0","0"
"2025","OTHO","Other Operating Fund","Office of Risk Management","8496","City Contribution To Health Fund","0","0"
"2025","OTHO","Other Operating Fund","Office of Risk Management","8706","Employee Contribution To Emsp","0","0"
"2025","OTHO","Other Operating Fund","Office of Risk Management","9201","Intfd Rev-Tran Fr Othr Fds-Rev","7 327 556","7 327 556"
"2025","OTHO","Other Operating Fund","Office of Risk Management","R114","Gain/Loss Sale Of Investment","0","-427,53"
"2025","OTHO","Other Operating Fund","Human Resources","8495","City Contribution To Life","0","0"
"2025","OTHO","Other Operating Fund","Human Resources","8496","City Contribution To Health Fund","2 151 595","0"
"2025","OTHO","Other Operating Fund","Human Resources","9201","Intfd Rev-Tran Fr Othr Fds-Rev","0","1 993 711,85"
"2025","OTHS","Other - State Reimbursements","Aviation","6390","Lics/Pmts-Ambulance","0","0"
"2025","OTHS","Other - State Reimbursements","Aviation","6393","Lics/Pmts-Emergency Wrecker Fee","0","0"
"2025","OTHS","Other - State Reimbursements","Aviation","6394","Lics/Pmts-Transportation for Hire","0","0"
"2025","OTHS","Other - State Reimbursements","Transportation and Public Works","6390","Lics/Pmts-Ambulance","72 342","50 952"
"2025","OTHS","Other - State Reimbursements","Transportation and Public Works","6391","Lics/Pmts-Vehicle Immobilization","0","3 367"
"2025","OTHS","Other - State Reimbursements","Transportation and Public Works","6392","Lics/Pmts-Motor Vehicle Tow","33 808","27 385"
"2025","OTHS","Other - State Reimbursements","Transportation and Public Works","6393","Lics/Pmts-Emergency Wrecker Fee","121 335","77 817"
"2025","OTHS","Other - State Reimbursements","Transportation and Public Works","6394","Lics/Pmts-Transportation for Hire","244 023","332 585"
"2025","OTHS","Other - State Reimbursements","Transportation and Public Works","7456","Misc for Services","48 026","0"
"2025","OTHS","Other - State Reimbursements","Transportation and Public Works","8495","City Contribution To Life","0","0"
"2025","OTHS","Other - State Reimbursements","Transportation and Public Works","8496","City Contribution To Health Fund","0","0"
"2025","OTHS","Other - State Reimbursements","Transportation and Public Works","8706","Employee Contribution To Emsp","0","0"
"2026","DSGO","General Obligation Debt Service","Office of Budget and Management Services","6001","Prop.Taxs-Real Est-Current","423 376 703","93 461 861,54"
"2026","DSGO","General Obligation Debt Service","Office of Budget and Management Services","6002","Prop.Taxs-Rl Est-Pr Rolls","-1 560 302","323 142 468,66"
"2026","DSGO","General Obligation Debt Service","Office of Budget and Management Services","6007","Prop.Taxs-Penalty & Interest","2 805 208","1 407 798,16"
"2026","DSGO","General Obligation Debt Service","Office of Budget and Management Services","8100","Interest On Pooled Invest-Cash","0","1 764 135,58"
"2026","DSGO","General Obligation Debt Service","Office of Budget and Management Services","8104","Accrued Interest On Poold Inv","0","-32 321,25"
"2026","DSGO","General Obligation Debt Service","Office of Budget and Management Services","8116","Amortized Discount/Premium Int","0","726 754,96"
"2026","DSGO","General Obligation Debt Service","Office of Budget and Management Services","8125","Interest On Pooled Invest-Coup","2 500 000","0"
"2026","DSGO","General Obligation Debt Service","Office of Budget and Management Services","8585","Revenue-GO 2010B BABS Subsidy","639 015","0"
"2026","DSGO","General Obligation Debt Service","Office of Budget and Management Services","9201","Intfd Rev-Tran Fr Othr Fds-Rev","30 083 920","0"
"2026","DSGO","General Obligation Debt Service","Office of Budget and Management Services","9204","Interfund Transfer-Pension Obligation Bond","19 527 098","0"
"2026","DSGO","General Obligation Debt Service","Office of Budget and Management Services","R114","Gain/Loss Sale Of Investment","0","59 035,7"
"2026","EFOP","Enterprise Operating Fund","Aviation","7437","Facility Maintenance Charge-Tenants","0","18 600"
"2026","EFOP","Enterprise Operating Fund","Aviation","7701","CBP International Arrival Fee","1 400 000","638 653,58"
"2026","EFOP","Enterprise Operating Fund","Aviation","7702","TNC Revenues","4 638 284","1 659 531,61"
"2026","EFOP","Enterprise Operating Fund","Aviation","7703","Badging Fees","540 000","422 400"
"2026","EFOP","Enterprise Operating Fund","Aviation","7704","Conference Room  Rental Fee","9 500","653"
"2026","EFOP","Enterprise Operating Fund","Aviation","7705","Non-Signatory Airlines Landing Fee","876 565","732 888,63"
"2026","EFOP","Enterprise Operating Fund","Aviation","7706","GA Landing Fee","7 500 000","3 980 167,13"
"2026","EFOP","Enterprise Operating Fund","Aviation","7707","DAL Ground/Field Rental","12 850 710","7 449 482,53"
"2026","EFOP","Enterprise Operating Fund","Aviation","7708","DAL Terminal Rental","56 292 896","32 622 453,17"
"2026","EFOP","Enterprise Operating Fund","Aviation","7709","DEA Ground/Field Rental","1 205 409","680 213,82"
"2026","EFOP","Enterprise Operating Fund","Aviation","7710","Concession Revenue: Food/Beverage","14 240 091","5 191 975,07"
"2026","EFOP","Enterprise Operating Fund","Aviation","7711","Concession Revenue: Retail","5 688 241","2 057 445,37"
"2026","EFOP","Enterprise Operating Fund","Aviation","7712","Concession Revenue: Advertising & Misc","2 151 199","1 288 863,58"
"2026","EFOP","Enterprise Operating Fund","Aviation","7713","Concession Revenue: NTTA (Unpaid Trip Fees)","0","3 210"
"2026","EFOP","Enterprise Operating Fund","Aviation","7714","Concession Revenue: DEA Concession Revenue","12 500","8 085,57"
"2026","EFOP","Enterprise Operating Fund","Aviation","7715","Concession Revenue: Garage Parking","22 051 867","5 867 164,75"
"2026","EFOP","Enterprise Operating Fund","Aviation","7716","Concession Revenue: Valet","4 265 868","1 688 285,72"
"2026","EFOP","Enterprise Operating Fund","Aviation","7717","Concession Revenues: NTTA","23 381 529","4 245 315,77"
"2026","EFOP","Enterprise Operating Fund","Aviation","7718","Concession Revenue: Love Connection & Others","1 008 128","494 263,35"
"2026","EFOP","Enterprise Operating Fund","Aviation","7808","Chgs Serv-Rental-Off Airport","1 291 825","411 805,87"
"2026","EFOP","Enterprise Operating Fund","Aviation","7809","Chgs Serv-Aviation Landing Fee","30 680 212","14 259 544,88"
"2026","EFOP","Enterprise Operating Fund","Aviation","7811","Chgs Serv-Aviation Concessions","14 079 064","4 506 641,14"
"2026","EFOP","Enterprise Operating Fund","Aviation","7812","Chgs Serv-Aviatin Fuel Flow Fe","195 000","79 749,03"
"2026","EFOP","Enterprise Operating Fund","Aviation","7813","Chgs Serv-Service Charges","228 058","175 935,66"
"2026","EFOP","Enterprise Operating Fund","Aviation","7814","Rental On Airport Non Taxable","2 791 852","1 857 766,44"
"2026","EFOP","Enterprise Operating Fund","Aviation","7821","Cable Television Installation","195 000","8 646,38"
"2026","EFOP","Enterprise Operating Fund","Aviation","7856","Chgs Serv-Late Paymt Penal-Wt","10 000","0"
"2026","EFOP","Enterprise Operating Fund","Aviation","8100","Interest On Pooled Invest-Cash","400 000","1 774 440,79"
"2026","EFOP","Enterprise Operating Fund","Aviation","8104","Accrued Interest On Poold Inv","80 000","124 888,31"
"2026","EFOP","Enterprise Operating Fund","Aviation","8116","Amortized Discount/Premium Int","40 000","732 759,61"
"2026","EFOP","Enterprise Operating Fund","Aviation","8415","Misc-Sale of Fixed Assets","0","-12 900"
"2026","EFOP","Enterprise Operating Fund","Aviation","8428","Misc-Misc Revenue","600 583","235 398,02"
"2026","EFOP","Enterprise Operating Fund","Aviation","8432","Misc-Sale Cty Surp Prp/Non Tx","0","6 850"
"2026","EFOP","Enterprise Operating Fund","Aviation","8437","Misc-Gain On Sle Of Fxd Asset","0","12 900"
"2026","EFOP","Enterprise Operating Fund","Aviation","8446","Misc-Sale Cty Surp Prp/Txbl Sl","0","7 761,5"
"2026","EFOP","Enterprise Operating Fund","Aviation","8488","Miscellaneous Refunds","0","148 575,58"
"2026","EFOP","Enterprise Operating Fund","Aviation","R114","Gain/Loss Sale Of Investment","0","63 821,87"
"2026","EFOP","Enterprise Operating Fund","Convention And Event Services","6343","Lics/Pmts-Neighborhood Farmers Market","1 700","2 150"
"2026","EFOP","Enterprise Operating Fund","Convention And Event Services","7436","Amtract Rental","73 200","36 600"
"2026","EFOP","Enterprise Operating Fund","Convention And Event Services","7443","Chgs Serv-Vending Non Taxable","0","75 000"
"2026","EFOP","Enterprise Operating Fund","Convention And Event Services","7456","Misc for Services","438 500","439 549,04"
"2026","EFOP","Enterprise Operating Fund","Convention And Event Services","7550","Service Charge Nsf Checks","0","150"
"2026","EFOP","Enterprise Operating Fund","Convention And Event Services","7815","Chgs Serv-Telephone Rental","1 472 800","305 297,1"
"2026","EFOP","Enterprise Operating Fund","Convention And Event Services","7816","Facil & Equip Rental Non Taxab","13 482 825","1 727 261"
"2026","EFOP","Enterprise Operating Fund","Convention And Event Services","781A","Chgs Serv-Special Event Permit","100 000","62 804,17"
"2026","EFOP","Enterprise Operating Fund","Convention And Event Services","781B","Chgs Serv-Commerc Filming Fee","0","12 500,01"
"2026","EFOP","Enterprise Operating Fund","Convention And Event Services","781D","Chgs Serv-Pole Banner Rental","0","31 040"
"2026","EFOP","Enterprise Operating Fund","Convention And Event Services","781V","Chgs Serv-Venue & Promotors Ordinance","2 500","875"
"2026","EFOP","Enterprise Operating Fund","Convention And Event Services","7822","Chgs Serv-Contract Service","5 387 171","1 159 525,95"
"2026","EFOP","Enterprise Operating Fund","Convention And Event Services","7832","Electrical Services Tax Exempt","98 670","213 219,39"
"2026","EFOP","Enterprise Operating Fund","Convention And Event Services","7838","Convention Ctr Parking Non-Tax","551 433","546 367,25"
"2026","EFOP","Enterprise Operating Fund","Convention And Event Services","7839","Sound/Lighting Tax Exempt","15 963","47 718,59"
"2026","EFOP","Enterprise Operating Fund","Convention And Event Services","7843","Chgs Serv-Parking Conv Ctr Gar","5 500","0"
"2026","EFOP","Enterprise Operating Fund","Convention And Event Services","7894","Rebates revenues","75 000","0"
"2026","EFOP","Enterprise Operating Fund","Convention And Event Services","8100","Interest On Pooled Invest-Cash","0","443 349,87"
"2026","EFOP","Enterprise Operating Fund","Convention And Event Services","8104","Accrued Interest On Poold Inv","0","-253 222,57"
"2026","EFOP","Enterprise Operating Fund","Convention And Event Services","8116","Amortized Discount/Premium Int","0","185 285,82"
"2026","EFOP","Enterprise Operating Fund","Convention And Event Services","8201","Othr Sales-Alcoholic Beverages","19 209 215","5 907 494,81"
"2026","EFOP","Enterprise Operating Fund","Convention And Event Services","8218","Naming/Pouring Rights/Sponsors","20 000","0"
"2026","EFOP","Enterprise Operating Fund","Convention And Event Services","8410","Misc-Rental Othr Properties","0","28 073"
"2026","EFOP","Enterprise Operating Fund","Convention And Event Services","8414","Misc-Auto Auction/Non-Tax Sls","0","15 668,25"
"2026","EFOP","Enterprise Operating Fund","Convention And Event Services","8428","Misc-Misc Revenue","500","556,8"
"2026","EFOP","Enterprise Operating Fund","Convention And Event Services","8446","Misc-Sale Cty Surp Prp/Txbl Sl","0","52 336"
"2026","EFOP","Enterprise Operating Fund","Convention And Event Services","8471","Misc-Rental Of Bldgs And Othr","196 637","32 977,56"
"2026","EFOP","Enterprise Operating Fund","Convention And Event Services","8482","Misc-Land Lease","697 600","403 779,6"
"2026","EFOP","Enterprise Operating Fund","Convention And Event Services","9499","Disc For Prompt Payment","0","-304 846,08"
"2026","EFOP","Enterprise Operating Fund","Convention And Event Services","9500","Hotel Occup Tax","89 706 029","31 937 461,05"
"2026","EFOP","Enterprise Operating Fund","Convention And Event Services","9501","Hotel Occup Tax-Int","0","4 596,82"
"2026","EFOP","Enterprise Operating Fund","Convention And Event Services","9502","Hotel Occup Tax-Penalty","0","35 559,52"
"2026","EFOP","Enterprise Operating Fund","Convention And Event Services","R114","Gain/Loss Sale Of Investment","0","16 225,67"
"2026","EFOP","Enterprise Operating Fund","Sustainable Development and Construction","7528","Zoning Verif Letter-Non Taxabl","0","0"
"2026","EFOP","Enterprise Operating Fund","Sustainable Development and Construction","8415","Misc-Sale of Fixed Assets","0","-4 050"
"2026","EFOP","Enterprise Operating Fund","Sustainable Development and Construction","8437","Misc-Gain On Sle Of Fxd Asset","0","4 050"
"2026","EFOP","Enterprise Operating Fund","Dallas Water Utilities","7211","Chgs Serv-City Wide Over/Short","0","27,2"
"2026","EFOP","Enterprise Operating Fund","Dallas Water Utilities","7277","Chg Serv-Interest On Del Accts","0","90"
"2026","EFOP","Enterprise Operating Fund","Dallas Water Utilities","7476","Chgs Serv-Wellness Prog Rev","0","37,56"
"2026","EFOP","Enterprise Operating Fund","Dallas Water Utilities","7491","Chgs Serv-Return Items Clrning","0","-50"
"2026","EFOP","Enterprise Operating Fund","Dallas Water Utilities","7500","Chgs Serv-Sanit Billing Fees","540 812","0"
"2026","EFOP","Enterprise Operating Fund","Dallas Water Utilities","7501","Chgs Serv-Misc Operation Reven","1 604 466","-562 318,35"
"2026","EFOP","Enterprise Operating Fund","Dallas Water Utilities","7549","Chg Serv-Stormwtr Billing Fees","931 431","0"
"2026","EFOP","Enterprise Operating Fund","Dallas Water Utilities","7550","Service Charge Nsf Checks","150 000","101 070"
"2026","EFOP","Enterprise Operating Fund","Dallas Water Utilities","7807","Chgs Serv-Print(Doc Frms)Ntxbl","20 000","0"
"2026","EFOP","Enterprise Operating Fund","Dallas Water Utilities","7810","Chgs Serv-Print(Docu Frms)Sale","7 500","0"
"2026","EFOP","Enterprise Operating Fund","Dallas Water Utilities","7834","Chgs Serv-Tr Wat-Tot Rev Retai","406 492 848","177 672 943,55"
"2026","EFOP","Enterprise Operating Fund","Dallas Water Utilities","7836","Chgs Serv-Tr Wat-Tot Rev Whsl","123 038 338","65 564 414,31"
"2026","EFOP","Enterprise Operating Fund","Dallas Water Utilities","7847","Chgs Serv-Raw Wat-Tot Rev Reta","1 669 102","1 093 447,87"
"2026","EFOP","Enterprise Operating Fund","Dallas Water Utilities","7849","Chgs Serv-Raw Wat-Totl Rev Whs","13 062 667","6 450 048,4"
"2026","EFOP","Enterprise Operating Fund","Dallas Water Utilities","7855","Chgs Serv-Serv Charges-Water","3 300 000","1 836 449"
"2026","EFOP","Enterprise Operating Fund","Dallas Water Utilities","7856","Chgs Serv-Late Paymt Penal-Wt","3 200 000","1 589 232,27"
"2026","EFOP","Enterprise Operating Fund","Dallas Water Utilities","7860","Chgs Serv-Cross Connect Cntl F","20 000","0"
"2026","EFOP","Enterprise Operating Fund","Dallas Water Utilities","7862","Chgs Serv-Ww-Totl Rev Retail","295 591 612","139 988 350,88"
"2026","EFOP","Enterprise Operating Fund","Dallas Water Utilities","7864","Chgs Serv-Ww-Total Rev Whsl","15 156 364","7 327 027,51"
"2026","EFOP","Enterprise Operating Fund","Dallas Water Utilities","7866","Chgs Serv-Ww-Retl Rev Surcharg","7 021 723","3 465 558,63"
"2026","EFOP","Enterprise Operating Fund","Dallas Water Utilities","7868","Chgs Serv-Ww-Whsl Rev Surcharg","550 000","12 509,38"
"2026","EFOP","Enterprise Operating Fund","Dallas Water Utilities","7873","Chgs Serv-Late Paymt Pen-Ww","2 700 000","1 334 234,22"
"2026","EFOP","Enterprise Operating Fund","Dallas Water Utilities","8015","Fines/For-Refnds-Fines & Forf","2 500","0"
"2026","EFOP","Enterprise Operating Fund","Dallas Water Utilities","8100","Interest On Pooled Invest-Cash","2 805 219","3 313 345,87"
"2026","EFOP","Enterprise Operating Fund","Dallas Water Utilities","8101","Interest-Int On Cert Of Dep","100 000","0"
"2026","EFOP","Enterprise Operating Fund","Dallas Water Utilities","8103","Interest-Miscelleaneous","224 822","0"
"2026","EFOP","Enterprise Operating Fund","Dallas Water Utilities","8104","Accrued Interest On Poold Inv","1 160 000","-212 793,91"
"2026","EFOP","Enterprise Operating Fund","Dallas Water Utilities","8116","Amortized Discount/Premium Int","135 245","1 380 359,25"
"2026","EFOP","Enterprise Operating Fund","Dallas Water Utilities","8415","Misc-Sale of Fixed Assets","0","-202 400"
"2026","EFOP","Enterprise Operating Fund","Dallas Water Utilities","8416","Misc-Proceeds Fr Sale Of Land","2 500","0"
"2026","EFOP","Enterprise Operating Fund","Dallas Water Utilities","8420","Misc-Handling Charges","0","-75"
"2026","EFOP","Enterprise Operating Fund","Dallas Water Utilities","8428","Misc-Misc Revenue","200 000","0"
"2026","EFOP","Enterprise Operating Fund","Dallas Water Utilities","8432","Misc-Sale Cty Surp Prp/Non Tx","20 000","16 205"
"2026","EFOP","Enterprise Operating Fund","Dallas Water Utilities","8437","Misc-Gain On Sle Of Fxd Asset","0","202 400"
"2026","EFOP","Enterprise Operating Fund","Dallas Water Utilities","8438","Misc-Accr Int-Sale Of Bond","0","11,6"
"2026","EFOP","Enterprise Operating Fund","Dallas Water Utilities","8446","Misc-Sale Cty Surp Prp/Txbl Sl","0","2 775,5"
"2026","EFOP","Enterprise Operating Fund","Dallas Water Utilities","8450","Misc-Taps-Water Permits","555 000","516 232,27"
"2026","EFOP","Enterprise Operating Fund","Dallas Water Utilities","8451","Misc-Laterals-Sewer Permits","350 000","399 123"
"2026","EFOP","Enterprise Operating Fund","Dallas Water Utilities","8452","Misc-Water Pro Rata Refund","16 900","61 853,13"
"2026","EFOP","Enterprise Operating Fund","Dallas Water Utilities","8458","Misc-Water Special Assessments","16 580","0"
"2026","EFOP","Enterprise Operating Fund","Dallas Water Utilities","8482","Misc-Land Lease","100 000","64 865,05"
"2026","EFOP","Enterprise Operating Fund","Dallas Water Utilities","8803","Concession-Rev Lake Ray Hubbard","150 000","50 125,08"
"2026","EFOP","Enterprise Operating Fund","Dallas Water Utilities","R114","Gain/Loss Sale Of Investment","0","121 349,64"
"2026","EFOP","Enterprise Operating Fund","Office of Arts and Culture","7550","Service Charge Nsf Checks","0","70"
"2026","EFOP","Enterprise Operating Fund","Office of Arts and Culture","8100","Interest On Pooled Invest-Cash","0","1 275,78"
"2026","EFOP","Enterprise Operating Fund","Office of Arts and Culture","8104","Accrued Interest On Poold Inv","0","0,15"
"2026","EFOP","Enterprise Operating Fund","Office of Arts and Culture","8116","Amortized Discount/Premium Int","0","526,03"
"2026","EFOP","Enterprise Operating Fund","Office of Arts and Culture","8428","Misc-Misc Revenue","473 114","237 644,85"
"2026","EFOP","Enterprise Operating Fund","Office of Arts and Culture","R114","Gain/Loss Sale Of Investment","0","48,35"
"2026","EFOP","Enterprise Operating Fund","Planning and Development","6370","Lics/Pmts-Fire Prevent Permit","215 656","141 148,71"
"2026","EFOP","Enterprise Operating Fund","Planning and Development","7040","Certificate Of Occupancy","1 817 272","749 180,5"
"2026","EFOP","Enterprise Operating Fund","Planning and Development","7041","Registrations","1 094 160","614 825"
"2026","EFOP","Enterprise Operating Fund","Planning and Development","7043","Special/Plat","1 230 614","693 967,5"
"2026","EFOP","Enterprise Operating Fund","Planning and Development","7044","Re-Inspection Fee","127 444","157 155"
"2026","EFOP","Enterprise Operating Fund","Planning and Development","7045","After Hours Inspection","299 779","195 125"
"2026","EFOP","Enterprise Operating Fund","Planning and Development","7046","Document Sales Non Taxable","79","0"
"2026","EFOP","Enterprise Operating Fund","Planning and Development","7047","Miscellaneous Bldg Insp","874 946","651 542,95"
"2026","EFOP","Enterprise Operating Fund","Planning and Development","7048","Board Of Adjustments/Sign","200 342","60 627,5"
"2026","EFOP","Enterprise Operating Fund","Planning and Development","704A","Site Plan Review","553 051","533 911,62"
"2026","EFOP","Enterprise Operating Fund","Planning and Development","704B","Building Plan Review","5 977 029","3 248 181,4"
"2026","EFOP","Enterprise Operating Fund","Planning and Development","704C","Bldg Permit Commercial","3 154 563","2 194 748,57"
"2026","EFOP","Enterprise Operating Fund","Planning and Development","704D","Demolition Permit","301 967","159 454,04"
"2026","EFOP","Enterprise Operating Fund","Planning and Development","704E","Express Plan Review-Nontaxable","2 129 358","1 024 250"
"2026","EFOP","Enterprise Operating Fund","Planning and Development","704F","After-hour Gas & Electric release","0","200"
"2026","EFOP","Enterprise Operating Fund","Planning and Development","704I","Consultation Fee-Staff Time","214 916","141 688,6"
"2026","EFOP","Enterprise Operating Fund","Planning and Development","704J","Expedited Plan Review Per Trade","77 688","33 200"
"2026","EFOP","Enterprise Operating Fund","Planning and Development","704K","Expedited Priority Inspection-Same Day","21 156","9 250"
"2026","EFOP","Enterprise Operating Fund","Planning and Development","704M","Bldg Permit Multi Family","4 306 845","920 712,56"
"2026","EFOP","Enterprise Operating Fund","Planning and Development","704O","Plan Review-Sign Installation or Construction","50 697","49 722"
"2026","EFOP","Enterprise Operating Fund","Planning and Development","704P","Pre-Development Meetings-Structure","261 453","148 708"
"2026","EFOP","Enterprise Operating Fund","Planning and Development","704Q","Remodel Residential","5 745 879","2 381 028,57"
"2026","EFOP","Enterprise Operating Fund","Planning and Development","704R","Bldg Permit Remodel","14 056 441","7 783 748,87"
"2026","EFOP","Enterprise Operating Fund","Planning and Development","704S","Bldg Permit Single Family","2 395 337","1 280 187,4"
"2026","EFOP","Enterprise Operating Fund","Planning and Development","704T","Tree Removal Permit Nontaxable","3 967","5 827,21"
"2026","EFOP","Enterprise Operating Fund","Planning and Development","704U","Unauthorized Cover Up Fee","23 275","12 600"
"2026","EFOP","Enterprise Operating Fund","Planning and Development","704V","Zoning Research Only Fee","18 499","100"
"2026","EFOP","Enterprise Operating Fund","Planning and Development","704X","Partial Team Review Fee","0","4 687"
"2026","EFOP","Enterprise Operating Fund","Planning and Development","7053","Bldg Insp Backflow Prevention","412 648","112 407"
"2026","EFOP","Enterprise Operating Fund","Planning and Development","7054","Billboard Licensing Insp Fee","257 126","6 678"
"2026","EFOP","Enterprise Operating Fund","Planning and Development","705B","Temp Certificate of Occupancy Extension","42 810","91 239,28"
"2026","EFOP","Enterprise Operating Fund","Planning and Development","705C","Parking Agreement Amendment/term","13 486","1 837,5"
"2026","EFOP","Enterprise Operating Fund","Planning and Development","705D","Zoning Determination Letter","46 114","44 904"
"2026","EFOP","Enterprise Operating Fund","Planning and Development","7060","PDV Technology Fee","0","447 362,67"
"2026","EFOP","Enterprise Operating Fund","Planning and Development","7061","PDV Inspection Fee","0","1 663 973"
"2026","EFOP","Enterprise Operating Fund","Planning and Development","7062","PDV BIC Record Change","0","106 540"
"2026","EFOP","Enterprise Operating Fund","Planning and Development","7063","PDV Floodplain Miscellaneous Review Fee","0","26 400"
"2026","EFOP","Enterprise Operating Fund","Planning and Development","7064","PDV Address Assignment Fee","0","59 350"
"2026","EFOP","Enterprise Operating Fund","Planning and Development","7065","PDV Sidewalk Waiver Fee","0","28 080"
"2026","EFOP","Enterprise Operating Fund","Planning and Development","7066","PDV Notary Fee","0","1 665"
"2026","EFOP","Enterprise Operating Fund","Planning and Development","7067","PDV Review Plats and Field Notes","0","31 600"
"2026","EFOP","Enterprise Operating Fund","Planning and Development","70MR","Multi-family Remodel","993 461","397 081,62"
"2026","EFOP","Enterprise Operating Fund","Planning and Development","7401","Zoning/Lndmk Sign Applic Fees","574 771","253 665,76"
"2026","EFOP","Enterprise Operating Fund","Planning and Development","7512","Specialprovisionsigndistrictfe","6 176","8 337"
"2026","EFOP","Enterprise Operating Fund","Planning and Development","7516","Misc Docket Items Fee","38 968","26 182,5"
"2026","EFOP","Enterprise Operating Fund","Planning and Development","7527","Mobile Unit & Kiosk/Coffee Cart Plan Review Fee","52 375","33 400"
"2026","EFOP","Enterprise Operating Fund","Planning and Development","7528","Zoning Verif Letter-Non Taxabl","227 764","153 119"
"2026","EFOP","Enterprise Operating Fund","Planning and Development","7529","Zoning Notify Sign Non Tax","8 194","4 025"
"2026","EFOP","Enterprise Operating Fund","Planning and Development","7545","On-Line Search Non Taxable","2 550","0"
"2026","EFOP","Enterprise Operating Fund","Planning and Development","7550","Service Charge Nsf Checks","825","1 900"
"2026","EFOP","Enterprise Operating Fund","Planning and Development","7820","Print And Map Sales Non Taxabl","862","32 450"
"2026","EFOP","Enterprise Operating Fund","Planning and Development","7876","Private Development Review","1 445 191","1 224 721"
"2026","EFOP","Enterprise Operating Fund","Planning and Development","787B","Fire Sprinkler Plan Review","407 355","305 496,42"
"2026","EFOP","Enterprise Operating Fund","Planning and Development","787C","Infrastructure Inspection","463 012","12 500"
"2026","EFOP","Enterprise Operating Fund","Planning and Development","787D","Addendum Fees","92 147","27 650"
"2026","EFOP","Enterprise Operating Fund","Planning and Development","787S","Wastewater Svc Availa Nontaxab","10 750","5 600"
"2026","EFOP","Enterprise Operating Fund","Planning and Development","787W","Water Service Availa Nontaxabl","84 400","45 200"
"2026","EFOP","Enterprise Operating Fund","Planning and Development","787X","Wastewater Capacity Analysis","51 875","15 000"
"2026","EFOP","Enterprise Operating Fund","Planning and Development","8100","Interest On Pooled Invest-Cash","0","308 980,4"
"2026","EFOP","Enterprise Operating Fund","Planning and Development","8104","Accrued Interest On Poold Inv","0","40 088,09"
"2026","EFOP","Enterprise Operating Fund","Planning and Development","8116","Amortized Discount/Premium Int","0","126 888,72"
"2026","EFOP","Enterprise Operating Fund","Planning and Development","8428","Misc-Misc Revenue","2 095 048","173 255,44"
"2026","EFOP","Enterprise Operating Fund","Planning and Development","9303","Copy Service Sales Non Taxable","1 816","17,1"
"2026","EFOP","Enterprise Operating Fund","Planning and Development","R114","Gain/Loss Sale Of Investment","0","10 901,06"
"2026","EFOP","Enterprise Operating Fund","Sanitation Services","7426","Chgs Serv-Sanitation Collect","123 600 975","0"
"2026","EFOP","Enterprise Operating Fund","Sanitation Services","742A","Chgs Serv-Container Service","1 041 615","0"
"2026","EFOP","Enterprise Operating Fund","Sanitation Services","7430","Private Disposal- Non-Taxable","31 854 693","0"
"2026","EFOP","Enterprise Operating Fund","Sanitation Services","7438","Paper And Cardboard Recycling","1 440 318","0"
"2026","EFOP","Enterprise Operating Fund","Sanitation Services","7447","Chgs Ser-McComas Disp Site Ren","2 500 000","0"
"2026","EFOP","Enterprise Operating Fund","Sanitation Services","7484","Load Pulls At City Landfill","48 000","0"
"2026","EFOP","Enterprise Operating Fund","Sanitation Services","748C","Tipper Service-Taxable","154 480","0"
"2026","EFOP","Enterprise Operating Fund","Sanitation Services","748D","Sanit Coll-Environmental Fee","1 277 245","0"
"2026","EFOP","Enterprise Operating Fund","Sanitation Services","748E","Sanit Coll-Cash Customer Premium Fee","938 110","0"
"2026","EFOP","Enterprise Operating Fund","Sanitation Services","748F","Sanit Coll-Bulk and Brush Excess Fee (Taxable)","340 240","0"
"2026","EFOP","Enterprise Operating Fund","Sanitation Services","7885","Private Disposal Fees Taxable","1 753 027","0"
"2026","EFOP","Enterprise Operating Fund","Sanitation Services","8100","Interest On Pooled Invest-Cash","600 000","0"
"2026","EFOP","Enterprise Operating Fund","Stormwater Drainage Management","6352","TWM Fill Permits","26 000","40 750"
"2026","EFOP","Enterprise Operating Fund","Stormwater Drainage Management","7550","Service Charge Nsf Checks","0","-30"
"2026","EFOP","Enterprise Operating Fund","Stormwater Drainage Management","7940","Chgs Serv-Storm Water Fees","90 547 980","42 308 004,29"
"2026","EFOP","Enterprise Operating Fund","Stormwater Drainage Management","8100","Interest On Pooled Invest-Cash","0","148 170,25"
"2026","EFOP","Enterprise Operating Fund","Stormwater Drainage Management","8104","Accrued Interest On Poold Inv","0","-8 241,04"
"2026","EFOP","Enterprise Operating Fund","Stormwater Drainage Management","8116","Amortized Discount/Premium Int","0","62 582,97"
"2026","EFOP","Enterprise Operating Fund","Stormwater Drainage Management","8118","Proceeds Fo Surplus Real Prop","0","10 300"
"2026","EFOP","Enterprise Operating Fund","Stormwater Drainage Management","8410","Misc-Rental Othr Properties","0","6 812"
"2026","EFOP","Enterprise Operating Fund","Stormwater Drainage Management","8415","Misc-Sale of Fixed Assets","0","-1 950"
"2026","EFOP","Enterprise Operating Fund","Stormwater Drainage Management","8437","Misc-Gain On Sle Of Fxd Asset","0","1 950"
"2026","EFOP","Enterprise Operating Fund","Stormwater Drainage Management","8496","City Contribution To Health Fund","0","-0,05"
"2026","EFOP","Enterprise Operating Fund","Stormwater Drainage Management","R114","Gain/Loss Sale Of Investment","0","5 589,27"
"2026","GNFD","General Fund","City Attorney's Office","7289","Other Collectible Cost Recopument","5 300","286 079,34"
"2026","GNFD","General Fund","City Attorney's Office","7400","Chgs Serv-City Attor-D/Fw Airp","598 492","210 625,14"
"2026","GNFD","General Fund","City Attorney's Office","8038","Civil Penalties","380 000","52 500"
"2026","GNFD","General Fund","City Attorney's Office","8428","Misc-Misc Revenue","1 500","2 948"
"2026","GNFD","General Fund","City Attorney's Office","8496","City Contribution To Health Fund","0","-0,05"
"2026","GNFD","General Fund","Office of Budget and Management Services","6001","Prop.Taxs-Real Est-Current","1 123 176 565","247 975 940,95"
"2026","GNFD","General Fund","Office of Budget and Management Services","6002","Prop.Taxs-Rl Est-Pr Rolls","-3 712 779","856 657 466,31"
"2026","GNFD","General Fund","Office of Budget and Management Services","6003","Dealer Motor Vehicle Inventory Tax","625 009","378 416,9"
"2026","GNFD","General Fund","Office of Budget and Management Services","6007","Prop.Taxs-Penalty & Interest","7 284 418","3 691 440,1"
"2026","GNFD","General Fund","Office of Budget and Management Services","6008","Prop.Taxs-Refunds-Property Tx","42 236","0"
"2026","GNFD","General Fund","Office of Budget and Management Services","6100","Sales Tax Revenues","474 300 480","155 750 103"
"2026","GNFD","General Fund","Office of Budget and Management Services","6301","Lics/Pmts-Beer Licenses","170 000","810"
"2026","GNFD","General Fund","Office of Budget and Management Services","6302","Lics/Pmts-Liquor Licenses","534 533","20 851,68"
"2026","GNFD","General Fund","Office of Budget and Management Services","6313","Lics/Pmts-Dance Halls","78 276","22 059"
"2026","GNFD","General Fund","Office of Budget and Management Services","6320","Lics/Pmts-Billiard Halls","3 536","1 044"
"2026","GNFD","General Fund","Office of Budget and Management Services","6326","Lics/Pmts-Coin MacHines","25 000","22 485"
"2026","GNFD","General Fund","Office of Budget and Management Services","6350","Lics/Pmts-Precious Met Ven Lic","15 000","14 210"
"2026","GNFD","General Fund","Office of Budget and Management Services","6355","Lics/Pmts-Sex Oriented Bus Lic","25 000","22 884"
"2026","GNFD","General Fund","Office of Budget and Management Services","6371","False Fire Alarm Fee","0","4 714,82"
"2026","GNFD","General Fund","Office of Budget and Management Services","6374","Lics/Pmts-Special Services Bus","4 083","2 695"
"2026","GNFD","General Fund","Office of Budget and Management Services","6514","Intergovernment Revenue-Coppell","474 000","0"
"2026","GNFD","General Fund","Office of Budget and Management Services","6519","Igovt Rev-Irving","6 850 000","0"
"2026","GNFD","General Fund","Office of Budget and Management Services","6520","Igovt Rev-Euless","7 800 000","8 050 797,65"
"2026","GNFD","General Fund","Office of Budget and Management Services","6527","Igovt Rev-Grapevine","1 700 000","0"
"2026","GNFD","General Fund","Office of Budget and Management Services","7211","Chgs Serv-City Wide Over/Short","0","-23"
"2026","GNFD","General Fund","Office of Budget and Management Services","7263","Chgs Serv-Vending Mach Concess","0","63 797,88"
"2026","GNFD","General Fund","Office of Budget and Management Services","7277","Chg Serv-Interest On Del Accts","0","11 274,36"
"2026","GNFD","General Fund","Office of Budget and Management Services","7356","Secured Closure Delinquent Col","0","6 641,42"
"2026","GNFD","General Fund","Office of Budget and Management Services","7419","Chgs Serv-Vital Statistics","0","325 348"
"2026","GNFD","General Fund","Office of Budget and Management Services","7425","Weed Cutting-Paid Liens","0","-596,89"
"2026","GNFD","General Fund","Office of Budget and Management Services","7447","Chgs Ser-McComas Disp Site Ren","2 334 168","0"
"2026","GNFD","General Fund","Office of Budget and Management Services","7457","Demolition Service Fees","0","12 386,94"
"2026","GNFD","General Fund","Office of Budget and Management Services","7506","Chgs Serv-Security Alarm Fee","3 025 643","1 753 924,86"
"2026","GNFD","General Fund","Office of Budget and Management Services","7515","Multi-Tenant Re-Inspection Fee","0","6 072,98"
"2026","GNFD","General Fund","Office of Budget and Management Services","7550","Service Charge Nsf Checks","30","0"
"2026","GNFD","General Fund","Office of Budget and Management Services","7558","Multitenant Registration Fee","0","2 658,99"
"2026","GNFD","General Fund","Office of Budget and Management Services","7813","Chgs Serv-Service Charges","0","1 459"
"2026","GNFD","General Fund","Office of Budget and Management Services","8002","Fines/For-Wreckr Fee-Auto Pnd","396 240","0"
"2026","GNFD","General Fund","Office of Budget and Management Services","8047","Habitual Criminal Abatement - Residential Property","3 000","1 434"
"2026","GNFD","General Fund","Office of Budget and Management Services","8048","Habitual Criminal Abatement - Non-Residential Property","11 000","0"
"2026","GNFD","General Fund","Office of Budget and Management Services","8100","Interest On Pooled Invest-Cash","28 000 000","3 972 694,2"
"2026","GNFD","General Fund","Office of Budget and Management Services","8104","Accrued Interest On Poold Inv","0","2 861 602,7"
"2026","GNFD","General Fund","Office of Budget and Management Services","8116","Amortized Discount/Premium Int","0","1 731 171,64"
"2026","GNFD","General Fund","Office of Budget and Management Services","8123","Defendant Seize Money Esc Acct","0","0"
"2026","GNFD","General Fund","Office of Budget and Management Services","8203","Othr Sale-Fran Txes-Tu Electri","50 476 868","27 456 082,34"
"2026","GNFD","General Fund","Office of Budget and Management Services","8204","Othr Sale-Fran Taxes-Sw Bell","1 860 985","562 299,45"
"2026","GNFD","General Fund","Office of Budget and Management Services","8205","Othr Sale-Fran Txs-Lone Str Ga","24 169 477","4 919 734,71"
"2026","GNFD","General Fund","Office of Budget and Management Services","8207","Othr Sale-Fran Txes-Cable Tv","2 843 405","851 848,12"
"2026","GNFD","General Fund","Office of Budget and Management Services","8209","Othr Sale-Bingo Gross Rect Fee","79 199","36 202,11"
"2026","GNFD","General Fund","Office of Budget and Management Services","8213","Commercial Container Fee -Fran","8 223 207","3 327 580,02"
"2026","GNFD","General Fund","Office of Budget and Management Services","8214","Franchise Tax- Fiber Optics","7 566 148","2 118 775,51"
"2026","GNFD","General Fund","Office of Budget and Management Services","8218","Naming/Pouring Rights/Sponsors","580 367","3 032 391,33"
"2026","GNFD","General Fund","Office of Budget and Management Services","8220","AT&T Video Franchise Fees","0","362 224,67"
"2026","GNFD","General Fund","Office of Budget and Management Services","8222","Verizon Video Franchise Fees","16 000","5 230,43"
"2026","GNFD","General Fund","Office of Budget and Management Services","8223","Grande Comm. Networks, Inc. Cable Franchise Fees","2 000","0"
"2026","GNFD","General Fund","Office of Budget and Management Services","8224","Triton Networks Cable Franchise Fees","0","190,77"
"2026","GNFD","General Fund","Office of Budget and Management Services","8414","Misc-Auto Auction/Non-Tax Sls","2 588 201","1 113 512,11"
"2026","GNFD","General Fund","Office of Budget and Management Services","8428","Misc-Misc Revenue","48 496","350 116,08"
"2026","GNFD","General Fund","Office of Budget and Management Services","842A","Misc-Disc For Prompt Payment","0","29 956,8"
"2026","GNFD","General Fund","Office of Budget and Management Services","8440","Misc-Bullington St Truck Terminal","-134 801","0"
"2026","GNFD","General Fund","Office of Budget and Management Services","8443","Misc-Auto Auction-Txble Sales","265 000","42 275"
"2026","GNFD","General Fund","Office of Budget and Management Services","8446","Misc-Sale Cty Surp Prp/Txbl Sl","0","4 475"
"2026","GNFD","General Fund","Office of Budget and Management Services","8575","Civil Penalities- Rehab","0","-523,94"
"2026","GNFD","General Fund","Office of Budget and Management Services","9201","Intfd Rev-Tran Fr Othr Fds-Rev","18 929 777","9 399 636,03"
"2026","GNFD","General Fund","Office of Budget and Management Services","9208","Intfd Rev-Wtr Dept-Indir Cst R","6 928 685","0"
"2026","GNFD","General Fund","Office of Budget and Management Services","9209","Intfd Rev-Avia Indir Cst Reimb","2 358 833","0"
"2026","GNFD","General Fund","Office of Budget and Management Services","9211","Intfd Rev-Convent Ctr Indirect","1 071 593","0"
"2026","GNFD","General Fund","Office of Budget and Management Services","9212","Intfd Rev-Munic Radio Indirect","56 289","0"
"2026","GNFD","General Fund","Office of Budget and Management Services","9213","Intfd Rev-Wtr Util Gross Recpt","35 197 634","11 016 315"
"2026","GNFD","General Fund","Office of Budget and Management Services","9224","Intfd Rev-Equip Svc Indir Cst","2 637 157","0"
"2026","GNFD","General Fund","Office of Budget and Management Services","9225","Intfd Rev-Bldg Insp Indir Cst","2 235 797","0"
"2026","GNFD","General Fund","Office of Budget and Management Services","9226","Intfd Rev-Storm Water Ind Cst","960 137","0"
"2026","GNFD","General Fund","Office of Budget and Management Services","9227","Radio Servies Indirect Cost","413 573","0"
"2026","GNFD","General Fund","Office of Budget and Management Services","9229","Intfd Rev-Refunds-Intr Fund Re","2 099 760","0"
"2026","GNFD","General Fund","Office of Budget and Management Services","9230","Data Services Indirect Cost","2 620 180","0"
"2026","GNFD","General Fund","Office of Budget and Management Services","9231","Office Service Indirectcost","244 881","0"
"2026","GNFD","General Fund","Office of Budget and Management Services","9239","Employee Health Benfit Indir","375 929","0"
"2026","GNFD","General Fund","Office of Budget and Management Services","9240","Risk Management Indirect Cost","624 449","0"
"2026","GNFD","General Fund","Office of Budget and Management Services","9241","Indirect Cost -9-1-1","148 889","0"
"2026","GNFD","General Fund","Office of Budget and Management Services","9250","Intfd Rev-SAN Indir Cst Reimb","5 568 008","0"
"2026","GNFD","General Fund","Office of Budget and Management Services","9251","Intfd Rev-Tran Fr Landfill","4 443 874","0"
"2026","GNFD","General Fund","Office of Budget and Management Services","9253","Intfd Rev-Bond and Const Mgt-Indir Cst R","351 783","0"
"2026","GNFD","General Fund","Office of Budget and Management Services","9254","Intfd Rev-PKR Bond Pgm-Indir Cst R","233 170","0"
"2026","GNFD","General Fund","Office of Budget and Management Services","9255","Intfd Rev-PBW Bond Pgm-Indir Cst R","466 957","0"
"2026","GNFD","General Fund","Office of Budget and Management Services","R114","Gain/Loss Sale Of Investment","0","153 445,84"
"2026","GNFD","General Fund","City Controller's Office","7456","Misc for Services","100 000","31 698,72"
"2026","GNFD","General Fund","City Controller's Office","7894","Rebates revenues","250 000","67 288,3"
"2026","GNFD","General Fund","City Controller's Office","8420","Misc-Handling Charges","45 000","20 201,5"
"2026","GNFD","General Fund","City Controller's Office","8428","Misc-Misc Revenue","80 000","59 158,04"
"2026","GNFD","General Fund","Code Compliance","6305","Lics/Pmts-Wood Vendor","335","328"
"2026","GNFD","General Fund","Code Compliance","6329","Lics/Pmts-Motor Vehicle Repair","178 785","51 702"
"2026","GNFD","General Fund","Code Compliance","6336","Scrap Tire License Fee","170 236","56 417"
"2026","GNFD","General Fund","Code Compliance","6337","Lics/Pmts-Electronic Repair","12 543","0"
"2026","GNFD","General Fund","Code Compliance","6339","Lics/Pmts-Home Repair","72 369","13 996"
"2026","GNFD","General Fund","Code Compliance","6342","Lics/Pmts-Certificate of Occupancy Inspection CCS","375 690","191 883"
"2026","GNFD","General Fund","Code Compliance","6347","Lics/Pmts-Cbd Concession Licen","9 169","3 500"
"2026","GNFD","General Fund","Code Compliance","6351","Restaurant Permit Fee-Variance","10 656","1 776"
"2026","GNFD","General Fund","Code Compliance","6359","Lics/Pmts-Garage Sales Permit Fee","32 589","19 650"
"2026","GNFD","General Fund","Code Compliance","6362","Lics/Pmts-Convenience Store Registration & Inspection","178 136","129 122"
"2026","GNFD","General Fund","Code Compliance","637A","Group Housing Permit","120 345","84 071"
"2026","GNFD","General Fund","Code Compliance","6381","Commercial Vacant Building Registration","0","6 538,86"
"2026","GNFD","General Fund","Code Compliance","7211","Chgs Serv-City Wide Over/Short","0","1"
"2026","GNFD","General Fund","Code Compliance","7277","Chg Serv-Interest On Del Accts","0","1 815,46"
"2026","GNFD","General Fund","Code Compliance","7356","Secured Closure Delinquent Col","259 894","81 857,94"
"2026","GNFD","General Fund","Code Compliance","7406","Public Swimming Pool Permit Fee","30 236","17 450"
"2026","GNFD","General Fund","Code Compliance","7425","Weed Cutting-Paid Liens","2 357 505","575 930,97"
"2026","GNFD","General Fund","Code Compliance","742H","Chgs Serv-Heavy Clean-Paid Liens","1 322 061","1 539 112,81"
"2026","GNFD","General Fund","Code Compliance","742L","Chgs Serv-Litter Clean-Paid Liens","257 489","98 703,73"
"2026","GNFD","General Fund","Code Compliance","742V","Chgs Serv-Vegetation Removal-Paid Liens","124 453","70 214,76"
"2026","GNFD","General Fund","Code Compliance","7457","Demolition Service Fees","904 777","410 003,3"
"2026","GNFD","General Fund","Code Compliance","7468","Food Permit Application Fee","187 580","49 291,33"
"2026","GNFD","General Fund","Code Compliance","7486","Food Duplicate Permit/Name Change Fee","9 945","4 045"
"2026","GNFD","General Fund","Code Compliance","7487","Annual Food Late Inspection Fee","352 000","84 339,5"
"2026","GNFD","General Fund","Code Compliance","7490","Annual Food Inspection Permit Fee","2 762 715","2 391 122,98"
"2026","GNFD","General Fund","Code Compliance","7492","Mobile Food Units Permit Fee","124 974","1 795,01"
"2026","GNFD","General Fund","Code Compliance","7493","Temp Food Vendors Permit","742 171","137 630,17"
"2026","GNFD","General Fund","Code Compliance","7494","Swimming Pool Mgr. Fee Resident","17 894","10 200"
"2026","GNFD","General Fund","Code Compliance","7495","Swimming Pool Mgr. Fee Non-Resident","16 200","7 050"
"2026","GNFD","General Fund","Code Compliance","749A","Restaurant Re-Inspection Fee","14 400","17 626"
"2026","GNFD","General Fund","Code Compliance","7515","Multi-Tenant Re-Inspection Fee","291 101","254 446,13"
"2026","GNFD","General Fund","Code Compliance","7527","Mobile Unit & Kiosk/Coffee Cart Plan Review Fee","66 034","3 459"
"2026","GNFD","General Fund","Code Compliance","7550","Service Charge Nsf Checks","0","510"
"2026","GNFD","General Fund","Code Compliance","7558","Multitenant Registration Fee","2 714 063","1 511 353,58"
"2026","GNFD","General Fund","Code Compliance","756B","Preclosure","149 626","28 595"
"2026","GNFD","General Fund","Code Compliance","756C","Non TCS Product Sampling","16 400","0"
"2026","GNFD","General Fund","Code Compliance","788B","Single-Family Rental Registration Program","568 800","326 543"
"2026","GNFD","General Fund","Code Compliance","804A","Habitual Nuisance Abatement - Residential Property","7 626","0"
"2026","GNFD","General Fund","Code Compliance","804B","Habitual Nuisance Abatement - Non-Residential Property","5 785","0"
"2026","GNFD","General Fund","Code Compliance","8411","Misc-Gifts & Donations","2 933","1"
"2026","GNFD","General Fund","Code Compliance","8428","Misc-Misc Revenue","365 445","16 625,53"
"2026","GNFD","General Fund","Code Compliance","8575","Civil Penalities- Rehab","2 000","352 672,4"
"2026","GNFD","General Fund","Code Compliance","8586","Credit Access Bus Reg Fee","2 078","112"
"2026","GNFD","General Fund","Dallas Municipal Court","6308","Child Safety-Vehicle Registration Other","101 600","3 233,09"
"2026","GNFD","General Fund","Dallas Municipal Court","6511","Igovt Rev-Dallas County","1 200 000","557 734,72"
"2026","GNFD","General Fund","Dallas Municipal Court","6521","Igovt Rev-State Cost Coll Fees","370 000","116 032,94"
"2026","GNFD","General Fund","Dallas Municipal Court","7211","Chgs Serv-City Wide Over/Short","200","155"
"2026","GNFD","General Fund","Dallas Municipal Court","7454","Chgs Serv-Parking","10 000","17 318,51"
"2026","GNFD","General Fund","Dallas Municipal Court","751A","Chg Serv.-Open Records Requests.","10 000","0"
"2026","GNFD","General Fund","Dallas Municipal Court","7550","Service Charge Nsf Checks","3 640","170"
"2026","GNFD","General Fund","Dallas Municipal Court","7881","Chgs Serv-Muni Ct Warr Serv Fe","750 000","365 653,24"
"2026","GNFD","General Fund","Dallas Municipal Court","8008","Fines/For-Munic Ct Traffic","7 230 000","3 452 057,91"
"2026","GNFD","General Fund","Dallas Municipal Court","8009","Fines/Fro-Munic Ct-Non-Traf","1 400 000","728 194,74"
"2026","GNFD","General Fund","Dallas Municipal Court","8010","Fines/For-Munic Ct Other","85 000","35 139,96"
"2026","GNFD","General Fund","Dallas Municipal Court","8011","Fines/For-Munic Ct Driv Impsch","67 000","35 430,03"
"2026","GNFD","General Fund","Dallas Municipal Court","8013","Part Pay Installment Fee City","150 000","77 687,03"
"2026","GNFD","General Fund","Dallas Municipal Court","8016","Fines/ Arrest Fees","350 000","174 610,11"
"2026","GNFD","General Fund","Dallas Municipal Court","8018","Teen Court Administrative Fee","600","241,11"
"2026","GNFD","General Fund","Dallas Municipal Court","8019","Expired Regstration/Inspection","40 000","29 752,57"
"2026","GNFD","General Fund","Dallas Municipal Court","8020","Deferred  Adjudication","270","191"
"2026","GNFD","General Fund","Dallas Municipal Court","8021","Witness Summons Fee","1 800","693,1"
"2026","GNFD","General Fund","Dallas Municipal Court","8024","Cbf Court Cost","30 000","5 785"
"2026","GNFD","General Fund","Dallas Municipal Court","8026","Expired Driver License Fee","10 300","4 632,99"
"2026","GNFD","General Fund","Dallas Municipal Court","8034","Dps Failure To Appear Fee","15 000","5 882,32"
"2026","GNFD","General Fund","Dallas Municipal Court","8045","Fines/For-Civil Fines","1 100 000","637 430,4"
"2026","GNFD","General Fund","Dallas Municipal Court","8530","Court Cost-Child Safety/School","130 000","57 456,26"
"2026","GNFD","General Fund","Dallas Municipal Court","8539","New $3 Traffic Court Fee","124 000","60 814,15"
"2026","GNFD","General Fund","Dallas Municipal Court","8550","Security Services","160 000","25 525,83"
"2026","GNFD","General Fund","Civil Service","7456","Misc for Services","0","800"
"2026","GNFD","General Fund","Dallas Animal Services","7420","Animal control Fees","100 000","34 767"
"2026","GNFD","General Fund","Dallas Fire-Rescue","6370","Lics/Pmts-Fire Prevent Permit","862 039","535 980"
"2026","GNFD","General Fund","Dallas Fire-Rescue","6371","False Fire Alarm Fee","760","310,45"
"2026","GNFD","General Fund","Dallas Fire-Rescue","7277","Chg Serv-Interest On Del Accts","106 992","97 253,85"
"2026","GNFD","General Fund","Dallas Fire-Rescue","7280","Fire Prevention Inspection","561 653","263 025"
"2026","GNFD","General Fund","Dallas Fire-Rescue","7413","Chgs Serv-Emergency Ambulance","35 630 233","13 131 623,25"
"2026","GNFD","General Fund","Dallas Fire-Rescue","741A","Chgs Serv-Ambulance Supplement","3 700 000","0"
"2026","GNFD","General Fund","Dallas Fire-Rescue","7456","Misc for Services","3 263 956","1 275 784"
"2026","GNFD","General Fund","Dallas Fire-Rescue","7550","Service Charge Nsf Checks","263","0"
"2026","GNFD","General Fund","Dallas Fire-Rescue","7654","Chgs Serv-RRC Overdose Response Team","405 440","379 334,85"
"2026","GNFD","General Fund","Dallas Fire-Rescue","7805","Chgs Serv-Motor Vehicle Accident Cleanup Fee","4 717","0"
"2026","GNFD","General Fund","Dallas Fire-Rescue","7883","Fire Reinspection Fee","640 606","898 267"
"2026","GNFD","General Fund","Dallas Fire-Rescue","788D","Fire Registration Fee","333 945","220 920"
"2026","GNFD","General Fund","Dallas Fire-Rescue","788E","Fire Inspection-Public Assembly","114 308","121 360"
"2026","GNFD","General Fund","Dallas Fire-Rescue","788F","Fire Inspection-Hazardous Materials","164 313","73 500"
"2026","GNFD","General Fund","Dallas Fire-Rescue","788G","Fire Inspection-High-Rise Office/Storage/Assembly","42 009","5 550"
"2026","GNFD","General Fund","Dallas Fire-Rescue","788H","Fire Inspection-High-Rise Residential","30 676","8 955"
"2026","GNFD","General Fund","Dallas Fire-Rescue","788I","Fire Inspection-Health Care","20 938","14 290"
"2026","GNFD","General Fund","Dallas Fire-Rescue","8414","Misc-Auto Auction/Non-Tax Sls","0","86 538,75"
"2026","GNFD","General Fund","Dallas Fire-Rescue","8428","Misc-Misc Revenue","18 484","302,01"
"2026","GNFD","General Fund","Dallas Fire-Rescue","8446","Misc-Sale Cty Surp Prp/Txbl Sl","0","7 875"
"2026","GNFD","General Fund","Dallas Fire-Rescue","8482","Misc-Land Lease","298 916","166 491,28"
"2026","GNFD","General Fund","Dallas Fire-Rescue","8488","Miscellaneous Refunds","1 000","600"
"2026","GNFD","General Fund","Dallas Fire-Rescue","8496","City Contribution To Health Fund","0","-0,03"
"2026","GNFD","General Fund","Dallas Fire-Rescue","8518","Refunds","0","6 559,82"
"2026","GNFD","General Fund","Dallas Police Department","6364","Lics/Pmts-Registration Fee of Home Solicitors","3 500","1 198"
"2026","GNFD","General Fund","Dallas Police Department","6526","Igovt Rev-Misc Reimbursements","1 451 000","788 787,39"
"2026","GNFD","General Fund","Dallas Police Department","7211","Chgs Serv-City Wide Over/Short","0","38,7"
"2026","GNFD","General Fund","Dallas Police Department","7423","Chgs Serv-Accident Reports","30 000","5 508"
"2026","GNFD","General Fund","Dallas Police Department","7456","Misc for Services","53 524","157 713,72"
"2026","GNFD","General Fund","Dallas Police Department","7547","State Fair Patrol Revenues","2 530 000","3 269 769,91"
"2026","GNFD","General Fund","Dallas Police Department","7554","ENP-extended Neighborhood Patrol Program","1 642 643","263 404,39"
"2026","GNFD","General Fund","Dallas Police Department","7565","PEB-Police Equipment Billing Program","460 468","174 829,55"
"2026","GNFD","General Fund","Dallas Police Department","8000","Fines/For-Notification Fee","51 293","17 050"
"2026","GNFD","General Fund","Dallas Police Department","8001","Fines/For-Storg Fee-Auto Pnd","413 871","138 386,99"
"2026","GNFD","General Fund","Dallas Police Department","8002","Fines/For-Wreckr Fee-Auto Pnd","472 850","148 459,75"
"2026","GNFD","General Fund","Dallas Police Department","8003","Impoundment  Fee Dpd Auto Pnd","712 760","104 326,77"
"2026","GNFD","General Fund","Dallas Police Department","8039","Mandatory Crime Reduction Program Fee","1 400","592,79"
"2026","GNFD","General Fund","Dallas Police Department","8047","Habitual Criminal Abatement - Residential Property","59 838","9 001"
"2026","GNFD","General Fund","Dallas Police Department","8048","Habitual Criminal Abatement - Non-Residential Property","45 256","52 815"
"2026","GNFD","General Fund","Dallas Police Department","8100","Interest On Pooled Invest-Cash","0","321,15"
"2026","GNFD","General Fund","Dallas Police Department","8104","Accrued Interest On Poold Inv","0","10,9"
"2026","GNFD","General Fund","Dallas Police Department","8116","Amortized Discount/Premium Int","0","132,36"
"2026","GNFD","General Fund","Dallas Police Department","8424","Misc-Taxable Sales","11 600","3 909,17"
"2026","GNFD","General Fund","Dallas Police Department","8428","Misc-Misc Revenue","7 750","3 641,54"
"2026","GNFD","General Fund","Dallas Police Department","8433","Misc-Uncl Mon-Pol Prop Rm N/T","100 000","75 795,61"
"2026","GNFD","General Fund","Dallas Police Department","R114","Gain/Loss Sale Of Investment","0","11,5"
"2026","GNFD","General Fund","Dallas Water Utilities","8450","Misc-Taps-Water Permits","0","0"
"2026","GNFD","General Fund","Dallas Water Utilities","8451","Misc-Laterals-Sewer Permits","0","0"
"2026","GNFD","General Fund","Office Of Economic Development","7399","Public Improvement Dist Revenu","30 000","45 000"
"2026","GNFD","General Fund","Facilities and Real Estate Management","7277","Chg Serv-Interest On Del Accts","37 890","187 034"
"2026","GNFD","General Fund","Facilities and Real Estate Management","7279","Chgs Serv-Atm Service Fees","11 380","0"
"2026","GNFD","General Fund","Facilities and Real Estate Management","7442","Arts District Garage Non Taxbl","500 000","250 000,02"
"2026","GNFD","General Fund","Facilities and Real Estate Management","7500","Chgs Serv-Sanit Billing Fees","0","50"
"2026","GNFD","General Fund","Facilities and Real Estate Management","7580","Application Review Fees","75 000","65 000"
"2026","GNFD","General Fund","Facilities and Real Estate Management","8200","License Fees","3 500 000","2 447 473,63"
"2026","GNFD","General Fund","Facilities and Real Estate Management","8218","Naming/Pouring Rights/Sponsors","6 300","0"
"2026","GNFD","General Fund","Facilities and Real Estate Management","8410","Misc-Rental Othr Properties","366 359","110 982,69"
"2026","GNFD","General Fund","Facilities and Real Estate Management","8428","Misc-Misc Revenue","1 377","460"
"2026","GNFD","General Fund","Facilities and Real Estate Management","8440","Misc-Bullington St Truck Terminal","206 855","105 070"
"2026","GNFD","General Fund","Facilities and Real Estate Management","8441","Misc-Bullington St Pedestrian","33 137","17 097,66"
"2026","GNFD","General Fund","Office of Housing & Community Empowerment","6503","Igovt Rev-Co Of Dallas-Tb Reim","463 267","0"
"2026","GNFD","General Fund","Office of Housing & Community Empowerment","6511","Igovt Rev-Dallas County","1 300 000","0"
"2026","GNFD","General Fund","Office of Housing & Community Empowerment","7419","Chgs Serv-Vital Statistics","1 850 000","503 988"
"2026","GNFD","General Fund","Office of Housing & Community Empowerment","8410","Misc-Rental Othr Properties","100 000","6 052,02"
"2026","GNFD","General Fund","Office of Housing & Community Empowerment","8411","Misc-Gifts & Donations","0","1 500"
"2026","GNFD","General Fund","Office of Housing & Community Empowerment","8428","Misc-Misc Revenue","0","820"
"2026","GNFD","General Fund","Housing and Community Development","8428","Misc-Misc Revenue","0","2 470"
"2026","GNFD","General Fund","Library","7278","Chgs Serv-Int On Del Accounts","0","40"
"2026","GNFD","General Fund","Library","7291","GED Testing Center Revenue","6 400","1 937,5"
"2026","GNFD","General Fund","Library","7431","Chgs Serv-Lib Non-Res Fee Crds","135 000","89 600"
"2026","GNFD","General Fund","Library","7456","Misc for Services","206 000","183 233,71"
"2026","GNFD","General Fund","Library","7540","Meeting Room Charges","27 535","19 300"
"2026","GNFD","General Fund","Library","8004","Fines/For-Library","5 060","7 902,18"
"2026","GNFD","General Fund","Library","8424","Misc-Taxable Sales","260","215,43"
"2026","GNFD","General Fund","Library","8428","Misc-Misc Revenue","0","0"
"2026","GNFD","General Fund","Library","8552","Bad Check Fees","100","0"
"2026","GNFD","General Fund","Office of Management Services","7514","Air Pollution Emmission Fee","231 633","217 787"
"2026","GNFD","General Fund","Office of Management Services","7876","Private Development Review","91 764","16 719,92"
"2026","GNFD","General Fund","Office of Management Services","8200","License Fees","0","2 067,27"
"2026","GNFD","General Fund","Office of Management Services","8410","Misc-Rental Othr Properties","0","27 000"
"2026","GNFD","General Fund","Office of Arts and Culture","7219","Chgs Serv-Bldg Use Fee","731 690","302 473,25"
"2026","GNFD","General Fund","Office of Arts and Culture","7289","Other Collectible Cost Recopument","150 752","64 595,5"
"2026","GNFD","General Fund","Office of Arts and Culture","7437","Facility Maintenance Charge-Tenants","100 156","42 297,5"
"2026","GNFD","General Fund","Office of Arts and Culture","7467","Security Chrgs-Non-Taxable","144 557","85 392"
"2026","GNFD","General Fund","Office of Arts and Culture","7813","Chgs Serv-Service Charges","314 461","174 443"
"2026","GNFD","General Fund","Office of Arts and Culture","781B","Chgs Serv-Commerc Filming Fee","15 000","0"
"2026","GNFD","General Fund","Office of Arts and Culture","781D","Chgs Serv-Pole Banner Rental","50 000","0"
"2026","GNFD","General Fund","Office of Arts and Culture","7824","Chgs Serv-Concessions","519 582","256 796,71"
"2026","GNFD","General Fund","Office of Arts and Culture","7845","Parking-tax exempt/non taxable","8 400","3 988"
"2026","GNFD","General Fund","Office of Arts and Culture","8428","Misc-Misc Revenue","30 466","10 516,51"
"2026","GNFD","General Fund","Office of Arts and Culture","8519","Insurance Recovery","0","45 189,27"
"2026","GNFD","General Fund","Transportation and Public Works","6313","Lics/Pmts-Dance Halls","91 867","7 777"
"2026","GNFD","General Fund","Transportation and Public Works","6369","Lics/Pmts-Valet Parking Permit","304 900","112 200"
"2026","GNFD","General Fund","Transportation and Public Works","6377","Residential Parking Stickers","10 000","2 994,14"
"2026","GNFD","General Fund","Transportation and Public Works","6380","Application & Signs Fee Cwrp","5 000","700"
"2026","GNFD","General Fund","Transportation and Public Works","6395","Dockless Vehicle Permit","125 000","57 637,2"
"2026","GNFD","General Fund","Transportation and Public Works","6526","Igovt Rev-Misc Reimbursements","1 241 103","960 960"
"2026","GNFD","General Fund","Transportation and Public Works","7047","Miscellaneous Bldg Insp","4 120 000","2 909 960,87"
"2026","GNFD","General Fund","Transportation and Public Works","7277","Chg Serv-Interest On Del Accts","0","10 092,59"
"2026","GNFD","General Fund","Transportation and Public Works","7458","Chgs Serv-Street Lights","947 500","314 407,27"
"2026","GNFD","General Fund","Transportation and Public Works","7514","Air Pollution Emmission Fee","0","-416"
"2026","GNFD","General Fund","Transportation and Public Works","7518","Petition No Parking","19 300","640"
"2026","GNFD","General Fund","Transportation and Public Works","7521","Thoroughfare Admendment Fee","25 400","0"
"2026","GNFD","General Fund","Transportation and Public Works","8007","Fines/Parking Fines","4 500 000","2 245 333,15"
"2026","GNFD","General Fund","Transportation and Public Works","8041","NON-taxable Parking Lot Fees","900 000","360 425,86"
"2026","GNFD","General Fund","Transportation and Public Works","8042","NON-taxable Parking Permit Revenue","0","1 150"
"2026","GNFD","General Fund","Transportation and Public Works","8043","NON-taxable Parking Meter Fees","3 208 000","1 460 858,83"
"2026","GNFD","General Fund","Transportation and Public Works","804H","NON-taxable Parking Meter Hooding","109 000","130 160,58"
"2026","GNFD","General Fund","Transportation and Public Works","8410","Misc-Rental Othr Properties","675 000","534 622,38"
"2026","GNFD","General Fund","Transportation and Public Works","8428","Misc-Misc Revenue","470 000","25 858,14"
"2026","GNFD","General Fund","Transportation and Public Works","8530","Court Cost-Child Safety/School","475 000","209 635"
"2026","GNFD","General Fund","Transportation and Public Works","9303","Copy Service Sales Non Taxable","0","1 000"
"2026","GNFD","General Fund","Planning and Development","704D","Demolition Permit","3 600","2 000"
"2026","GNFD","General Fund","Planning and Development","704S","Bldg Permit Single Family","1 500","4 500"
"2026","GNFD","General Fund","Planning and Development","704U","Unauthorized Cover Up Fee","1 200","3 600"
"2026","GNFD","General Fund","Planning and Development","7476","Chgs Serv-Wellness Prog Rev","0","37,56"
"2026","GNFD","General Fund","Park and Recreation","7200","Chgs Serv-Tennis Tourn Ct Fee","10 811","0"
"2026","GNFD","General Fund","Park and Recreation","7201","Chgs Serv-Tennis League Ct Fee","10 980","0"
"2026","GNFD","General Fund","Park and Recreation","7202","Chgs Serv-Team Registration","29 811","0"
"2026","GNFD","General Fund","Park and Recreation","7203","Chgs Serv-Special Events","209 000","111 797"
"2026","GNFD","General Fund","Park and Recreation","7204","Chgs Serv-Physical Fitness","355 860","33 677,2"
"2026","GNFD","General Fund","Park and Recreation","7208","Chgs Serv-Day Participation Child","51 000","12 910"
"2026","GNFD","General Fund","Park and Recreation","7210","Chgs Serv-Swim Pool Card Age 18+ / Group Mission","277 863","0"
"2026","GNFD","General Fund","Park and Recreation","7211","Chgs Serv-City Wide Over/Short","0","-99,84"
"2026","GNFD","General Fund","Park and Recreation","7212","Chgs Serv-Contract Classes","936 567","290 174,22"
"2026","GNFD","General Fund","Park and Recreation","7213","Chgs Serv-Swimming Pools 11&-","596 766","0"
"2026","GNFD","General Fund","Park and Recreation","7214","Chgs Serv-Swim Pool Age 12/17","820 764","1 000"
"2026","GNFD","General Fund","Park and Recreation","7215","Chgs Serv-Swims Pools Family/Season Pass","67 000","0"
"2026","GNFD","General Fund","Park and Recreation","7216","Chgs Serv-Swim Pool Rental","35 000","0"
"2026","GNFD","General Fund","Park and Recreation","7217","Chgs Serv-Swimming Lessons","402 317","18 689,04"
"2026","GNFD","General Fund","Park and Recreation","7218","Chgs Serv-Picnic/Pavilion Rental Fee","441 796","31 455"
"2026","GNFD","General Fund","Park and Recreation","7219","Chgs Serv-Bldg Use Fee","200 000","55 676,44"
"2026","GNFD","General Fund","Park and Recreation","721A","Chgs Serv-Adult Admission Bahama Beach","640 214","0"
"2026","GNFD","General Fund","Park and Recreation","721B","Chgs Serv-Cooler Entry Fee Bahama Beach","19 699","0"
"2026","GNFD","General Fund","Park and Recreation","721C","Chgs Serv-Locker Rental Bahama Beach","21 000","0"
"2026","GNFD","General Fund","Park and Recreation","721D","Chgs Serv-Jr Admission Bahama Beach","111 000","0"
"2026","GNFD","General Fund","Park and Recreation","7220","Recreation Small Room Fee","44 851","7 723,18"
"2026","GNFD","General Fund","Park and Recreation","7221","Chgs Serv-Basketball Fee1/2/Ct","20 000","6 728,28"
"2026","GNFD","General Fund","Park and Recreation","7222","Civic Reservation","2 440","500"
"2026","GNFD","General Fund","Park and Recreation","7223","Chgs Serv-Basketball Fee Full","264 874","77 525,96"
"2026","GNFD","General Fund","Park and Recreation","7224","Non-Resident Adult Activy Card","20 550","5 231,89"
"2026","GNFD","General Fund","Park and Recreation","7225","Tennis Singles Court Fee","5 190","0"
"2026","GNFD","General Fund","Park and Recreation","7226","Chgs Serv-Tennis Doubles Court Fee","21 489","0"
"2026","GNFD","General Fund","Park and Recreation","7227","Receration Center Id 2-17","0","624,43"
"2026","GNFD","General Fund","Park and Recreation","7228","Recreation Center Id 18-62","63 000","29 904,31"
"2026","GNFD","General Fund","Park and Recreation","7229","Receration Center Id 63-Over","28 287","20 608,28"
"2026","GNFD","General Fund","Park and Recreation","7230","Recreation Large Room Fee","209 529","70 984,2"
"2026","GNFD","General Fund","Park and Recreation","7237","Tennis Lessons","40 382","0"
"2026","GNFD","General Fund","Park and Recreation","723A","Chgs Serv-Athletic Field Reven","515 948","78 817,11"
"2026","GNFD","General Fund","Park and Recreation","7241","Chgs Serv-Golfcar Cds Sr/Hhdcp","150","0"
"2026","GNFD","General Fund","Park and Recreation","7243","Chgs Serv-Golf Cards Jr Grnfee","9 800","3 941,39"
"2026","GNFD","General Fund","Park and Recreation","7244","Chgs Serv-Golf Punch Cards","31 393","143,56"
"2026","GNFD","General Fund","Park and Recreation","7245","Chgs Serv-Golf Cards Sr Grnfee","10 900","218,66"
"2026","GNFD","General Fund","Park and Recreation","7246","Chgs Serv-Golf Green Fees Jr","27 127","15 702,76"
"2026","GNFD","General Fund","Park and Recreation","7247","Chgs Serv-Golf Gren Fees Sr","491 189","188 371,84"
"2026","GNFD","General Fund","Park and Recreation","7248","Chgs Serv-Glf Bef 4PM Wkdy","353 642","124 991,4"
"2026","GNFD","General Fund","Park and Recreation","7249","Charg For-Golf Grnfees Bef4HOL","1 132 288","357 839,28"
"2026","GNFD","General Fund","Park and Recreation","7250","Charg For-Glf Gf Aft 4PM Wkdy","245 670","84 808,77"
"2026","GNFD","General Fund","Park and Recreation","7251","Chgs Serv-Glf Gf Aft 4PM Hol","363 087","146 049,28"
"2026","GNFD","General Fund","Park and Recreation","7252","Chgs Serv-Golf Pro Revenue Commission","481 769","189 882,9"
"2026","GNFD","General Fund","Park and Recreation","7255","Sundown Golf Fees","294 148","89 195"
"2026","GNFD","General Fund","Park and Recreation","7264","Chgs Serv-Portable Fd&Drnk Con","0","13 000"
"2026","GNFD","General Fund","Park and Recreation","7282","Recreation Center Id 06?11","0","845,6"
"2026","GNFD","General Fund","Park and Recreation","7283","Staff Taught Rec Class","106 251","1 661"
"2026","GNFD","General Fund","Park and Recreation","7550","Service Charge Nsf Checks","0","50"
"2026","GNFD","General Fund","Park and Recreation","7551","Pro Shop Utility Revenue","109 322","23 191,96"
"2026","GNFD","General Fund","Park and Recreation","7552","Greenhouse Utilities Revenue","45 000","0"
"2026","GNFD","General Fund","Park and Recreation","7710","Concession Revenue: Food/Beverage","0","3 725,74"
"2026","GNFD","General Fund","Park and Recreation","7824","Chgs Serv-Concessions","11 444","0"
"2026","GNFD","General Fund","Park and Recreation","8411","Misc-Gifts & Donations","0","13 001,5"
"2026","GNFD","General Fund","Park and Recreation","8424","Misc-Taxable Sales","197 814","0"
"2026","GNFD","General Fund","Park and Recreation","8428","Misc-Misc Revenue","0","11 605"
"2026","GNFD","General Fund","Park and Recreation","8471","Misc-Rental Of Bldgs And Othr","40 371","25 574,94"
"2026","GNFD","General Fund","Park and Recreation","8481","Misc-Percent Mdse Sales Pk Prp","207 052","0"
"2026","GNFD","General Fund","Park and Recreation","8483","Misc-Building Lease","0","11 277,51"
"2026","GNFD","General Fund","Procurement Services","7894","Rebates revenues","225 000","32 805"
"2026","GNFD","General Fund","City Secretary's Office","6511","Igovt Rev-Dallas County","0","0"
"2026","GNFD","General Fund","City Secretary's Office","751A","Chg Serv.-Open Records Requests.","15 000","10 979,24"
"2026","GNFD","General Fund","City Secretary's Office","8411","Misc-Gifts & Donations","0","250"
"2026","GNFD","General Fund","City Secretary's Office","8428","Misc-Misc Revenue","12 000","8 093,55"
"2026","GNFD","General Fund","City Secretary's Office","9303","Copy Service Sales Non Taxable","1 400","137,5"
"2026","GNFD","General Fund","Transportation","6395","Dockless Vehicle Permit","0","0"
"2026","GNFD","General Fund","Transportation","8007","Fines/Parking Fines","0","0"
"2026","GNFD","General Fund","Transportation","8530","Court Cost-Child Safety/School","0","0"
"2026","INSV","Internal Service Fund","Information and Technology Services","7456","Misc for Services","1 833 283","1 671 437,58"
"2026","INSV","Internal Service Fund","Information and Technology Services","8100","Interest On Pooled Invest-Cash","140 681","315 727,7"
"2026","INSV","Internal Service Fund","Information and Technology Services","8104","Accrued Interest On Poold Inv","0","-93 787,58"
"2026","INSV","Internal Service Fund","Information and Technology Services","8116","Amortized Discount/Premium Int","0","132 606,11"
"2026","INSV","Internal Service Fund","Information and Technology Services","8569","Electronic Circuits Telephone","12 674 046","4 271 199"
"2026","INSV","Internal Service Fund","Information and Technology Services","9400","Intrd Rev-Rental","15 197 605","5 792 773,65"
"2026","INSV","Internal Service Fund","Information and Technology Services","9413","Intfd-Desktop Services","1 694 724","4 835 515,1"
"2026","INSV","Internal Service Fund","Information and Technology Services","9414","Intfd-Telephone","13 902 436","4 531 109,45"
"2026","INSV","Internal Service Fund","Information and Technology Services","9415","Data Services Revenue","108 846 212","41 979 391,5"
"2026","INSV","Internal Service Fund","Information and Technology Services","R114","Gain/Loss Sale Of Investment","0","11 647,35"
"2026","INSV","Internal Service Fund","Equip & Bldg Svcs","8415","Misc-Sale of Fixed Assets","0","-236 400"
"2026","INSV","Internal Service Fund","Equip & Bldg Svcs","8437","Misc-Gain On Sle Of Fxd Asset","0","236 400"
"2026","INSV","Internal Service Fund","Equipment and Fleet Management","7887","Misc-Cng Fuel Sales To Non Cit","2 000","587,41"
"2026","INSV","Internal Service Fund","Equipment and Fleet Management","8100","Interest On Pooled Invest-Cash","20 000","0"
"2026","INSV","Internal Service Fund","Equipment and Fleet Management","8414","Misc-Auto Auction/Non-Tax Sls","675 714","950 082,75"
"2026","INSV","Internal Service Fund","Equipment and Fleet Management","8428","Misc-Misc Revenue","25 000","4 921"
"2026","INSV","Internal Service Fund","Equipment and Fleet Management","8446","Misc-Sale Cty Surp Prp/Txbl Sl","0","56 550"
"2026","INSV","Internal Service Fund","Equipment and Fleet Management","9400","Intrd Rev-Rental","41 859 417","0"
"2026","INSV","Internal Service Fund","Equipment and Fleet Management","9401","Intfd Rev-Fuel","23 371 842","0"
"2026","INSV","Internal Service Fund","Equipment and Fleet Management","9403","Commercial Chargeback","7 710 947","0"
"2026","INSV","Internal Service Fund","Equipment and Fleet Management","9405","Intfd Rev-Direct Work Order","563 232","0"
"2026","INSV","Internal Service Fund","Equipment and Fleet Management","9416","Intrd Rev-Motor Pool","374 923","0"
"2026","INSV","Internal Service Fund","Office of Management Services","9417","Intrd Rev-GO Bond Reimbursement","4 492 389","179 111,04"
"2026","INSV","Internal Service Fund","Office of Management Services","9421","Intrd Rev-Other Reimb for Non-Bond Projects","0","7 403,76"
"2026","INSV","Internal Service Fund","Transportation and Public Works","7045","After Hours Inspection","99 000","57 112,5"
"2026","INSV","Internal Service Fund","Transportation and Public Works","9417","Intrd Rev-GO Bond Reimbursement","13 282 302","4 025 927,64"
"2026","INSV","Internal Service Fund","Transportation and Public Works","9418","Intrd Rev-GF Reimb for Non-Bond Projects","1 330 195","226 493,56"
"2026","INSV","Internal Service Fund","Transportation and Public Works","9419","Intrd Rev-SDM Reimb for Non-Bond Projects","72 450","10 488,12"
"2026","INSV","Internal Service Fund","Transportation and Public Works","9420","Intrd Rev-DWU Reimb for Non-Bond Projects","1 570 609","134 709,58"
"2026","INSV","Internal Service Fund","Park and Recreation","9417","Intrd Rev-GO Bond Reimbursement","4 299 490","0"
"2026","INSV","Internal Service Fund","Park and Recreation","9418","Intrd Rev-GF Reimb for Non-Bond Projects","579 667","0"
"2026","INSV","Internal Service Fund","Procurement Services","7403","Chgs Serv-Postage Sales","600 000","249 350,22"
"2026","INSV","Internal Service Fund","Procurement Services","7407","Chgs Serv-Supply Sales","73 050","19 871,78"
"2026","INSV","Internal Service Fund","Procurement Services","7543","Sales Non Taxable","5 500","1 291,56"
"2026","INSV","Internal Service Fund","Procurement Services","7894","Rebates revenues","35 000","9 882,18"
"2026","INSV","Internal Service Fund","Procurement Services","8100","Interest On Pooled Invest-Cash","0","60 345,42"
"2026","INSV","Internal Service Fund","Procurement Services","8104","Accrued Interest On Poold Inv","0","3 089,08"
"2026","INSV","Internal Service Fund","Procurement Services","8116","Amortized Discount/Premium Int","0","24 926,59"
"2026","INSV","Internal Service Fund","Procurement Services","8420","Misc-Handling Charges","1 200 000","458 757,38"
"2026","INSV","Internal Service Fund","Procurement Services","8424","Misc-Taxable Sales","80 000","32 444,09"
"2026","INSV","Internal Service Fund","Procurement Services","8432","Misc-Sale Cty Surp Prp/Non Tx","55 000","19 981,14"
"2026","INSV","Internal Service Fund","Procurement Services","8446","Misc-Sale Cty Surp Prp/Txbl Sl","85 000","52 705"
"2026","INSV","Internal Service Fund","Procurement Services","9303","Copy Service Sales Non Taxable","300 000","200 532,45"
"2026","INSV","Internal Service Fund","Procurement Services","R114","Gain/Loss Sale Of Investment","0","2 163,99"
"2026","OTHO","Other Operating Fund","Information and Technology Services","7911","9-1-1 Service Receipts","7 187 048","3 166 147,09"
"2026","OTHO","Other Operating Fund","Information and Technology Services","7912","Wireline Revenues","8 775 132","5 408 072,45"
"2026","OTHO","Other Operating Fund","Information and Technology Services","7913","Cama Trunk Revenue","3 785","0"
"2026","OTHO","Other Operating Fund","Information and Technology Services","8100","Interest On Pooled Invest-Cash","117 107","209 394,77"
"2026","OTHO","Other Operating Fund","Information and Technology Services","8104","Accrued Interest On Poold Inv","0","8 125,91"
"2026","OTHO","Other Operating Fund","Information and Technology Services","8116","Amortized Discount/Premium Int","0","86 002,33"
"2026","OTHO","Other Operating Fund","Information and Technology Services","R114","Gain/Loss Sale Of Investment","0","7 415,06"
"2026","OTHO","Other Operating Fund","Office of Risk Management","8100","Interest On Pooled Invest-Cash","0","40 227,74"
"2026","OTHO","Other Operating Fund","Office of Risk Management","8104","Accrued Interest On Poold Inv","0","21 355,8"
"2026","OTHO","Other Operating Fund","Office of Risk Management","8116","Amortized Discount/Premium Int","0","14 609,54"
"2026","OTHO","Other Operating Fund","Office of Risk Management","9201","Intfd Rev-Tran Fr Othr Fds-Rev","7 489 891","7 489 891"
"2026","OTHO","Other Operating Fund","Office of Risk Management","R114","Gain/Loss Sale Of Investment","0","799,2"
"2026","OTHO","Other Operating Fund","Human Resources","8496","City Contribution To Health Fund","2 316 406","0"
"2026","OTHS","Other - State Reimbursements","Transportation and Public Works","6390","Lics/Pmts-Ambulance","68 000","61 354"
"2026","OTHS","Other - State Reimbursements","Transportation and Public Works","6391","Lics/Pmts-Vehicle Immobilization","3 000","550"
"2026","OTHS","Other - State Reimbursements","Transportation and Public Works","6392","Lics/Pmts-Motor Vehicle Tow","20 000","9 334"
"2026","OTHS","Other - State Reimbursements","Transportation and Public Works","6393","Lics/Pmts-Emergency Wrecker Fee","75 000","9 620"
"2026","OTHS","Other - State Reimbursements","Transportation and Public Works","6394","Lics/Pmts-Transportation for Hire","563 332","169 947"
